代號,名稱,類型,籌碼類型,收盤價,漲跌%,外資今日(張),投信今日(張),自營今日(張),三大法人合計(張),外資連買天數,投信連買天數,外資5日累計(張),投信5日累計(張),自營5日累計(張),MA5,MA20,MA60,均線多頭,MA20翻揚,KD黃金交叉,MACD翻多,布林突破,爆量長紅,技術面標籤,大戶400張以上%,中實戶50~400張%,散戶50張以下%
6526,達發,強勢噴出,雙主力連買,703.0,4.93,368,74,368,810,3,6,408,180,408,665.4,666.1,632.29,否,否,是,否,否,是,KD黃金交叉、爆量長紅,,,
0050,元大台灣50,強勢噴出,雙主力連買,109.35,1.44,8681,6383,8681,23745,2,6,-145947,25053,-145947,106.38,105.45,96.58,是,是,否,否,否,否,均線多頭,,,
1303,南亞,強勢噴出,雙主力連買,183.0,9.91,10396,4024,10396,24816,2,6,6018,29453,6018,160.8,129.4,102.5,是,是,否,否,是,否,均線多頭、布林突破,,,
3017,奇鋐,強勢噴出,雙主力連買,2620.0,3.76,870,308,870,2048,3,5,476,1106,476,,,,,,,,,,—,,,
6446,藥華藥,趨勢持續,雙主力連買,1360.0,1.49,103,82,103,288,6,2,1603,234,1603,1264.0,1062.1,836.42,是,是,否,否,是,否,均線多頭、布林突破,,,
2382,廣達,強勢噴出,雙主力連買,372.0,1.09,2111,2514,2111,6736,1,6,-5552,12693,-5552,367.1,376.4,341.42,否,是,是,否,否,否,KD黃金交叉,,,
8046,南電,強勢噴出,雙主力連買,1175.0,0.86,2431,430,2431,5292,1,6,11544,6306,11544,1122.0,935.2,866.18,是,是,否,否,是,否,均線多頭、布林突破,,,
2492,華新科,強勢噴出,雙主力連買,603.0,6.73,2474,33,2474,4981,6,1,6450,50,6450,564.2,497.82,300.7,是,是,否,否,否,否,均線多頭,,,
3037,欣興,強勢噴出,雙主力連買,1040.0,2.97,119,2054,119,2292,2,5,-1098,12974,-1098,1016.2,965.6,869.47,是,否,否,否,否,否,均線多頭,,,
3189,景碩,強勢噴出,雙主力連買,888.0,0.34,333,839,333,1505,1,6,-6694,11362,-6694,839.6,731.8,586.58,是,是,否,否,是,否,均線多頭、布林突破,,,
2493,揚博,強勢噴出,雙主力連買,317.0,8.38,498,5,498,1001,6,1,1265,5,1265,287.2,233.0,167.58,是,是,是,否,否,否,均線多頭、KD黃金交叉,,,
1305,華夏,強勢噴出,雙主力連買,13.0,0.78,330,15,330,675,6,1,2435,15,2435,13.06,12.98,13.7,否,是,否,否,否,否,—,,,
6831,邁科,強勢噴出,雙主力連買,903.0,3.44,62,287,62,411,1,6,-466,639,-466,,,,,,,,,,—,,,
3443,創意,強勢噴出,雙主力連買,5045.0,4.13,67,212,67,346,1,6,-162,532,-162,,,,,,,,,,—,,,
3661,世芯-KY,強勢噴出,雙主力連買,4450.0,6.46,96,28,96,220,3,4,-107,-6,-107,4143.0,4242.75,4202.58,否,否,是,否,否,否,KD黃金交叉,,,
6670,復盛應用,趨勢持續,雙主力連買,251.5,1.62,157,11,157,325,1,6,-504,1595,-504,250.6,273.62,264.86,否,否,否,否,否,否,—,,,
4961,天鈺,趨勢持續,雙主力連買,161.5,0.0,89,66,89,244,1,6,-677,169,-677,166.2,168.68,165.23,否,否,否,否,否,否,—,,,
8150,南茂,強勢噴出,雙主力連買,107.0,7.54,13827,6480,13827,34134,2,4,1112,8108,1112,98.1,98.03,85.26,是,否,是,否,否,是,均線多頭、KD黃金交叉、爆量長紅,,,
3090,日電貿,強勢噴出,雙主力連買,316.0,2.1,73,438,73,584,2,4,465,1561,465,314.7,275.12,183.35,是,是,否,否,否,否,均線多頭,,,
6409,旭隼,趨勢持續,雙主力連買,1130.0,4.15,287,58,287,632,2,4,802,1070,802,,,,,,,,,,—,,,
6789,采鈺,趨勢持續,雙主力連買,535.0,4.29,148,1,148,297,5,1,485,-16,485,514.9,509.9,512.15,否,否,否,否,否,否,—,,,
3706,神達,強勢噴出,雙主力連買,91.3,4.58,5275,6022,5275,16572,1,4,-5481,17844,-5481,86.8,88.01,85.19,否,否,否,是,否,是,MACD翻多、爆量長紅,,,
6189,豐藝,強勢噴出,雙主力連買,53.2,5.98,1396,13,1396,2805,2,3,1485,57,1485,,,,,,,,,,—,,,
3015,全漢,強勢噴出,雙主力連買,65.5,4.13,856,25,856,1737,2,3,1065,89,1065,,,,,,,,,,—,,,
3030,德律,強勢噴出,雙主力連買,353.5,7.94,344,10,344,698,4,1,1336,11,1336,329.5,338.23,353.12,否,否,是,是,否,是,KD黃金交叉、MACD翻多、爆量長紅,,,
3026,禾伸堂,強勢噴出,雙主力連買,899.0,6.77,320,85,320,725,1,4,305,-2,305,801.4,760.6,474.49,是,是,是,否,否,否,均線多頭、KD黃金交叉,,,
9946,三發地產,低位啟動,雙主力連買,19.65,0.51,188,25,188,401,4,1,465,25,465,19.57,18.77,17.28,是,是,否,否,否,否,均線多頭,,,
3622,洋華,低位啟動,雙主力連買,59.1,1.72,75,111,75,261,2,3,-30,311,-30,56.58,56.7,56.16,否,否,否,否,否,否,—,,,
3022,威強電,低位啟動,雙主力連買,82.9,1.1,160,14,160,334,2,3,-1952,31,-1952,82.58,82.58,74.17,否,是,否,否,否,否,—,,,
2480,敦陽科,趨勢持續,雙主力連買,156.0,0.0,64,9,64,137,2,3,616,32,616,,,,,,,,,,—,,,
6202,盛群,低位啟動,雙主力連買,64.4,1.1,85,22,85,192,1,4,2744,63,2744,,,,,,,,,,—,,,
6257,矽格,強勢噴出,雙主力連買,245.0,3.38,7183,209,7183,14575,3,1,6064,-659,6064,233.7,224.82,207.44,是,是,是,否,否,是,均線多頭、KD黃金交叉、爆量長紅,,,
2371,大同,強勢噴出,雙主力連買,27.0,1.12,1238,659,1238,3135,3,1,-6120,657,-6120,26.99,28.37,29.8,否,否,否,否,否,否,—,,,
4532,瑞智,強勢噴出,雙主力連買,28.55,1.42,141,1745,141,2027,3,1,2740,1738,2740,26.12,24.77,24.1,是,是,否,否,是,否,均線多頭、布林突破,,,
6224,聚鼎,強勢噴出,雙主力連買,84.9,9.97,1003,12,1003,2018,3,1,1310,12,1310,,,,,,,,,,—,,,
2345,智邦,強勢噴出,雙主力連買,2660.0,6.61,717,67,717,1501,2,2,1223,-353,1223,,,,,,,,,,—,,,
1810,和成,強勢噴出,雙主力連買,20.85,2.46,705,104,705,1514,3,1,3566,72,3566,20.28,20.62,19.1,否,是,否,否,否,否,—,,,
1460,宏遠,強勢噴出,雙主力連買,7.2,1.27,674,11,674,1359,3,1,562,11,562,7.09,7.16,7.05,否,是,否,否,否,否,—,,,
9935,慶豐富,強勢噴出,雙主力連買,19.7,3.14,178,322,178,678,3,1,300,322,300,19.2,19.23,18.81,否,是,是,否,是,是,KD黃金交叉、布林突破、爆量長紅,,,
3617,碩天,趨勢持續,雙主力連買,216.5,1.64,102,10,102,214,1,3,104,19,104,215.4,214.12,200.03,是,是,否,否,否,否,均線多頭,,,
6781,AES-KY,趨勢持續,雙主力連買,1180.0,0.0,87,2,87,176,3,1,562,2,562,,,,,,,,,,—,,,
2417,圓剛,低位啟動,雙主力連買,43.7,0.81,11,1,11,23,3,1,293,1,293,,,,,,,,,,—,,,
1437,勤益控,低位啟動,雙主力連買,30.25,0.17,8,3,8,19,3,1,104,3,104,30.17,29.56,29.43,是,是,是,否,否,否,均線多頭、KD黃金交叉,,,
6183,關貿,低位啟動,雙主力連買,89.9,0.67,2,3,2,7,3,1,8,3,8,,,,,,,,,,—,,,
1438,三地開發,低位啟動,雙主力連買,22.9,0.44,3,2,3,8,3,1,-77,2,-77,,,,,,,,,,—,,,
3515,華擎,趨勢持續,雙主力連買,213.5,0.0,13,24,13,50,1,3,-209,70,-209,231.0,242.78,235.08,否,否,否,否,否,否,—,,,
3711,日月光投控,強勢噴出,雙主力連買,703.0,3.38,1936,1012,1936,4884,2,1,14181,-7768,14181,656.6,611.6,540.62,是,是,否,否,否,否,均線多頭,,,
2105,正新,強勢噴出,雙主力連買,30.1,0.5,2084,773,2084,4941,1,2,12125,1539,12125,29.86,31.99,32.02,否,否,否,否,否,否,—,,,
6271,同欣電,強勢噴出,雙主力連買,287.5,7.68,798,649,798,2245,2,1,5013,1202,5013,264.8,244.57,210.14,是,是,是,否,是,是,均線多頭、KD黃金交叉、布林突破、爆量長紅,,,
6282,康舒,強勢噴出,雙主力連買,58.2,0.0,1580,220,1580,3380,2,1,-19252,218,-19252,56.68,59.86,54.49,否,否,是,否,否,否,KD黃金交叉,,,
1210,大成,強勢噴出,雙主力連買,55.8,0.54,275,517,275,1067,2,1,1641,1085,1641,,,,,,,,,,—,,,
2441,超豐,強勢噴出,雙主力連買,138.0,1.1,369,3,369,741,2,1,-4022,-4909,-4022,135.9,131.55,111.71,是,否,否,否,否,否,均線多頭,,,
8021,尖點,強勢噴出,雙主力連買,561.0,2.37,338,506,338,1182,2,1,607,507,607,549.8,527.95,446.22,是,是,否,否,否,否,均線多頭,,,
2308,台達電,強勢噴出,雙主力連買,1990.0,2.05,396,67,396,859,1,2,-6433,-2220,-6433,1927.0,2151.75,2094.58,否,否,否,否,否,否,—,,,
6533,晶心科,趨勢持續,雙主力連買,195.0,1.04,34,5,34,73,2,1,-284,10,-284,195.5,204.93,218.39,否,否,否,否,否,否,—,,,
9943,好樂迪,低位啟動,雙主力連買,57.4,0.53,30,4,30,64,2,1,-12,4,-12,,,,,,,,,,—,,,
1530,亞崴,低位啟動,雙主力連買,28.75,1.77,9,2,9,20,2,1,-7,2,-7,,,,,,,,,,—,,,
8039,台虹,趨勢持續,雙主力連買,145.5,2.46,124,11,124,259,2,1,1421,15,1421,,,,,,,,,,—,,,
2330,台積電,強勢噴出,雙主力連買,2505.0,3.94,7399,4742,7399,19540,1,1,-16326,6484,-16326,2403.0,2378.25,2245.92,是,是,是,是,否,否,均線多頭、KD黃金交叉、MACD翻多,,,
2204,中華,強勢噴出,雙主力連買,56.5,1.99,606,1396,606,2608,1,1,531,1362,531,55.58,55.6,54.34,否,是,否,否,否,否,—,,,
2646,星宇航空,強勢噴出,雙主力連買,21.05,0.24,365,853,365,1583,1,1,-1411,848,-1411,,,,,,,,,,—,,,
2404,漢唐,強勢噴出,雙主力連買,1300.0,1.56,845,18,845,1708,1,1,1066,1397,1066,,,,,,,,,,—,,,
2357,華碩,強勢噴出,雙主力連買,657.0,0.0,1411,398,1411,3220,1,1,-2714,-822,-2714,701.8,790.5,689.23,否,否,否,否,否,否,—,,,
6743,安普新,強勢噴出,雙主力連買,32.0,5.61,117,501,117,735,1,1,95,501,95,30.69,29.85,28.13,是,是,是,否,是,是,均線多頭、KD黃金交叉、布林突破、爆量長紅,,,
2006,東和鋼鐵,強勢噴出,雙主力連買,67.9,0.74,69,336,69,474,1,1,9792,-8334,9792,69.02,68.33,67.92,是,是,否,否,否,否,均線多頭,,,
9958,世紀鋼,低位啟動,雙主力連買,117.5,0.0,225,107,225,557,1,1,-473,107,-473,,,,,,,,,,—,,,
1590,亞德客-KY,趨勢持續,雙主力連買,1375.0,3.0,159,1,159,319,1,1,148,134,148,1363.0,1335.0,1349.25,否,是,否,否,否,否,—,,,
1321,大洋,低位啟動,雙主力連買,31.1,0.48,64,9,64,137,1,1,-11,9,-11,30.98,30.75,30.7,是,是,否,否,否,否,均線多頭,,,
4976,佳凌,趨勢持續,雙主力連買,36.15,3.88,31,4,31,66,1,1,-614,4,-614,,,,,,,,,,—,,,
1463,強盛新,低位啟動,雙主力連買,17.4,0.0,3,3,3,9,1,1,-84,3,-84,17.4,17.59,17.9,否,否,否,否,否,否,—,,,
2012,春雨,低位啟動,雙主力連買,16.85,0.9,5,3,5,13,1,1,-38,3,-38,16.13,14.92,15.02,否,是,否,否,是,否,布林突破,,,
1314,中石化,強勢噴出,外資連買,8.38,0.24,3459,0,3459,6918,6,0,46714,0,46714,8.17,7.96,7.57,是,是,否,否,是,否,均線多頭、布林突破,,,
1714,和桐,強勢噴出,外資連買,19.3,1.85,819,0,819,1638,6,0,6906,3,6906,,,,,,,,,,—,,,
2478,大毅,強勢噴出,外資連買,225.5,0.0,769,0,769,1538,6,0,2411,0,2411,223.2,196.72,123.34,是,是,否,否,否,否,均線多頭,,,
5880,合庫金,強勢噴出,外資連買,24.85,0.0,614,-17,614,1211,6,0,29080,462,29080,24.87,24.26,23.52,是,是,否,否,否,否,均線多頭,,,
1304,台聚,強勢噴出,外資連買,13.5,0.37,761,0,761,1522,6,0,2902,0,2902,13.37,13.19,13.57,否,是,否,否,否,否,—,,,
3652,精聯,強勢噴出,外資連買,36.95,3.79,435,0,435,870,6,0,846,0,846,38.87,36.92,32.42,是,是,否,否,否,否,均線多頭,,,
8163,達方,低位啟動,外資連買,41.3,0.98,239,0,239,478,6,0,1927,0,1927,,,,,,,,,,—,,,
4766,南寶,趨勢持續,外資連買,356.5,3.78,239,-55,239,423,6,0,1960,-102,1960,345.0,360.57,360.48,否,否,否,否,否,否,—,,,
7780,大研生醫*,低位啟動,外資連買,17.9,1.42,110,0,110,220,6,0,784,0,784,,,,,,,,,,—,,,
7610,聯友金屬-創,強勢噴出,外資連買,2430.0,8.97,62,0,62,124,6,0,350,0,350,2207.0,2005.0,1234.81,是,是,否,否,否,否,均線多頭,,,
6414,樺漢,趨勢持續,外資連買,370.5,0.27,277,-163,277,391,6,0,3107,-1717,3107,367.0,377.82,345.0,否,否,是,否,否,否,KD黃金交叉,,,
7803,雲象科技-創,低位啟動,外資連買,23.7,0.21,54,0,54,108,6,0,172,0,172,22.85,22.86,26.83,否,是,否,否,否,否,—,,,
8462,柏文,低位啟動,外資連買,143.0,0.0,21,0,21,42,6,0,342,0,342,140.2,140.85,142.03,否,是,否,否,否,否,—,,,
6916,華凌,低位啟動,外資連買,20.1,1.52,12,0,12,24,6,0,61,0,61,,,,,,,,,,—,,,
3533,嘉澤,趨勢持續,外資連買,2160.0,2.37,213,-265,213,161,6,0,813,-599,813,2147.0,2261.25,2437.0,否,否,否,否,否,否,—,,,
1102,亞泥,強勢噴出,外資連買,35.1,0.29,42426,-52438,42426,32414,6,0,50135,-87890,50135,,,,,,,,,,—,,,
3591,艾笛森,強勢噴出,外資連買,25.75,1.38,317,0,317,634,5,0,1626,0,1626,,,,,,,,,,—,,,
2428,興勤,趨勢持續,外資連買,304.0,3.75,252,0,252,504,5,0,907,1,907,304.3,294.07,233.43,是,是,否,否,否,是,均線多頭、爆量長紅,,,
8996,高力,趨勢持續,外資連買,1555.0,0.32,177,-13,177,341,5,0,1011,-476,1011,1482.0,1349.5,1186.82,是,是,否,否,否,否,均線多頭,,,
4764,雙鍵,趨勢持續,外資連買,301.0,0.0,27,0,27,54,5,0,487,0,487,292.6,294.23,274.33,否,否,否,否,否,否,—,,,
2816,旺旺保,低位啟動,外資連買,33.85,0.15,9,0,9,18,5,0,414,0,414,33.51,33.61,31.89,否,是,否,否,否,否,—,,,
3530,晶相光,低位啟動,外資連買,68.2,1.94,6,0,6,12,5,0,85,0,85,69.16,67.34,66.19,是,是,否,否,否,否,均線多頭,,,
1512,瑞利,低位啟動,外資連買,6.8,0.29,5,0,5,10,5,0,38,0,38,6.79,6.92,7.1,否,否,否,否,否,否,—,,,
8033,雷虎,強勢噴出,外資連買,186.0,9.73,7489,0,7489,14978,4,0,13441,0,13441,157.8,138.57,141.19,否,是,否,否,是,是,布林突破、爆量長紅,,,
2484,希華,強勢噴出,外資連買,79.8,9.92,2050,0,2050,4100,4,0,7263,0,7263,73.66,65.58,50.11,是,是,是,否,否,否,均線多頭、KD黃金交叉,,,
6753,龍德造船,強勢噴出,外資連買,141.5,3.66,1446,0,1446,2892,4,0,2173,0,2173,130.3,124.3,130.1,否,是,否,否,是,是,布林突破、爆量長紅,,,
2466,冠西電,強勢噴出,外資連買,71.3,9.86,1129,0,1129,2258,4,0,1761,0,1761,,,,,,,,,,—,,,
6438,迅得,強勢噴出,外資連買,167.5,6.35,767,0,767,1534,4,0,1064,0,1064,,,,,,,,,,—,,,
4960,誠美材,強勢噴出,外資連買,24.6,6.72,777,0,777,1554,4,0,2973,0,2973,25.91,29.04,32.66,否,否,否,否,否,否,—,,,
1711,永光,強勢噴出,外資連買,44.0,2.09,718,0,718,1436,4,0,1159,0,1159,44.27,45.14,48.56,否,否,否,否,否,否,—,,,
6239,力成,強勢噴出,外資連買,335.5,0.6,2752,-2077,2752,3427,4,0,14984,-9658,14984,324.8,335.12,274.81,否,否,否,否,否,否,—,,,
3583,辛耘,強勢噴出,外資連買,905.0,0.11,336,-82,336,590,4,0,1617,-83,1617,,,,,,,,,,—,,,
3645,達邁,低位啟動,外資連買,91.1,0.33,213,0,213,426,4,0,718,-2,718,89.7,93.51,98.86,否,否,是,否,否,否,KD黃金交叉,,,
6799,來頡,低位啟動,外資連買,99.1,0.3,157,0,157,314,4,0,477,0,477,99.16,96.05,92.62,是,否,否,否,否,否,均線多頭,,,
1618,合機,低位啟動,外資連買,40.75,0.99,150,0,150,300,4,0,320,0,320,40.61,42.11,40.31,否,否,否,否,否,否,—,,,
4155,訊映,低位啟動,外資連買,15.3,1.66,110,0,110,220,4,0,385,0,385,,,,,,,,,,—,,,
6928,攸泰科技,趨勢持續,外資連買,53.3,2.3,97,0,97,194,4,0,160,0,160,,,,,,,,,,—,,,
2305,全友,低位啟動,外資連買,38.0,1.33,81,0,81,162,4,0,681,0,681,37.11,30.28,22.12,是,是,否,否,否,否,均線多頭,,,
6937,天虹,趨勢持續,外資連買,271.0,1.12,33,0,33,66,4,0,230,-70,230,263.5,275.0,295.46,否,否,是,否,否,否,KD黃金交叉,,,
1233,天仁,低位啟動,外資連買,28.4,1.07,24,0,24,48,4,0,21,0,21,28.2,27.95,28.49,否,是,否,否,否,否,—,,,
5306,桂盟,低位啟動,外資連買,85.8,0.35,17,0,17,34,4,0,72,0,72,85.5,85.69,83.96,否,是,否,否,否,否,—,,,
3003,健和興,低位啟動,外資連買,65.9,0.76,8,0,8,16,4,0,207,0,207,66.44,65.77,59.78,是,是,否,否,否,否,均線多頭,,,
6951,青新-創,低位啟動,外資連買,77.9,0.65,7,0,7,14,4,0,33,0,33,77.26,79.41,80.17,否,否,否,否,否,否,—,,,
7730,暉盛-創,趨勢持續,外資連買,187.5,0.27,2,0,2,4,4,0,-1,0,-1,181.5,182.15,185.98,否,否,否,是,否,否,MACD翻多,,,
2910,統領,低位啟動,外資連買,22.8,0.44,2,0,2,4,4,0,19,0,19,,,,,,,,,,—,,,
5284,jpp-KY,趨勢持續,外資連買,373.5,3.61,7,0,7,14,4,0,318,0,318,,,,,,,,,,—,,,
2603,長榮,強勢噴出,外資連買,185.5,0.54,2365,-1327,2365,3403,4,0,8240,-2058,8240,184.0,207.43,207.06,否,否,否,否,否,否,—,,,
3036,文曄,強勢噴出,外資連買,211.0,1.44,7615,-10125,7615,5105,4,0,13441,-17984,13441,,,,,,,,,,—,,,
2353,宏碁,強勢噴出,外資連買,32.1,3.22,4500,-8378,4500,622,4,0,32720,-30141,32720,,,,,,,,,,—,,,
2303,聯電,強勢噴出,外資連買,169.0,2.74,65873,-44967,65873,86779,3,0,106516,-195712,106516,168.0,146.43,111.1,是,是,否,否,否,否,均線多頭,,,
2406,國碩,強勢噴出,外資連買,40.2,4.15,16837,0,16837,33674,3,0,25715,0,25715,38.01,36.53,33.85,是,是,否,否,否,是,均線多頭、爆量長紅,,,
3005,神基,強勢噴出,外資連買,106.5,5.45,6371,-451,6371,12291,3,0,7314,-5057,7314,100.04,103.16,101.16,否,否,否,是,否,是,MACD翻多、爆量長紅,,,
1301,台塑,強勢噴出,外資連買,54.3,0.37,3110,0,3110,6220,3,0,33149,-10,33149,54.44,49.94,49.31,是,是,否,否,否,否,均線多頭,,,
2301,光寶科,強勢噴出,外資連買,219.5,1.15,3672,-1004,3672,6340,3,0,2380,-9808,2380,213.9,219.32,200.17,否,否,否,否,否,否,—,,,
3413,京鼎,強勢噴出,外資連買,332.0,0.45,1888,0,1888,3776,3,0,6019,0,6019,316.9,314.43,316.64,否,是,否,否,否,否,—,,,
2883,凱基金,強勢噴出,外資連買,28.3,1.43,13573,-7676,13573,19470,3,0,47682,-4152,47682,,,,,,,,,,—,,,
2421,建準,強勢噴出,外資連買,146.0,2.82,801,0,801,1602,3,0,-917,219,-917,141.7,148.78,148.0,否,否,是,否,否,否,KD黃金交叉,,,
2328,廣宇,強勢噴出,外資連買,51.9,4.95,395,0,395,790,3,0,-1019,7,-1019,49.74,52.44,50.94,否,否,是,否,否,是,KD黃金交叉、爆量長紅,,,
2049,上銀,強勢噴出,外資連買,348.5,7.23,955,-396,955,1514,3,0,1177,-399,1177,326.7,333.77,329.72,否,否,是,否,否,是,KD黃金交叉、爆量長紅,,,
2359,所羅門,強勢噴出,外資連買,133.5,2.3,544,0,544,1088,3,0,180,0,180,130.5,135.43,127.91,否,否,是,否,否,否,KD黃金交叉,,,
2395,研華,強勢噴出,外資連買,503.0,2.24,626,-71,626,1181,3,0,2117,211,2117,480.6,485.25,440.26,否,否,否,否,否,否,—,,,
2454,聯發科,強勢噴出,外資連買,4335.0,2.12,494,-154,494,834,3,0,-1445,-4080,-1445,4136.0,4304.25,3413.25,否,否,否,否,否,否,—,,,
3135,凌航,強勢噴出,外資連買,167.0,8.09,346,0,346,692,3,0,160,0,160,180.9,200.22,180.35,否,否,否,否,否,是,爆量長紅,,,
3013,晟銘電,強勢噴出,外資連買,107.0,0.94,368,0,368,736,3,0,518,-1,518,,,,,,,,,,—,,,
4142,國光生,強勢噴出,外資連買,17.5,0.57,321,0,321,642,3,0,163,0,163,,,,,,,,,,—,,,
1446,宏和,趨勢持續,外資連買,17.7,4.73,291,0,291,582,3,0,410,0,410,,,,,,,,,,—,,,
2022,聚亨,趨勢持續,外資連買,8.0,3.23,287,0,287,574,3,0,-68,0,-68,,,,,,,,,,—,,,
3545,敦泰,低位啟動,外資連買,55.9,0.54,264,0,264,528,3,0,-309,17,-309,,,,,,,,,,—,,,
1316,上曜,低位啟動,外資連買,10.4,0.48,255,0,255,510,3,0,531,0,531,,,,,,,,,,—,,,
4934,太極,趨勢持續,外資連買,17.7,4.12,256,0,256,512,3,0,889,0,889,,,,,,,,,,—,,,
4746,台耀,低位啟動,外資連買,53.7,0.37,220,0,220,440,3,0,462,0,462,,,,,,,,,,—,,,
2401,凌陽,低位啟動,外資連買,31.2,1.79,276,0,276,552,3,0,-569,75,-569,,,,,,,,,,—,,,
5521,工信,低位啟動,外資連買,10.25,0.49,214,0,214,428,3,0,1467,0,1467,10.24,10.44,11.06,否,是,否,否,否,否,—,,,
3338,泰碩,低位啟動,外資連買,72.1,1.55,198,0,198,396,3,0,-56,0,-56,70.76,74.97,73.05,否,否,是,否,否,否,KD黃金交叉,,,
2390,云辰,低位啟動,外資連買,12.15,0.41,187,0,187,374,3,0,11,0,11,12.01,12.17,10.8,否,是,否,否,否,否,—,,,
2442,新美齊,低位啟動,外資連買,19.35,0.0,173,0,173,346,3,0,471,0,471,19.24,19.56,19.12,否,是,否,否,否,否,—,,,
6215,和椿,趨勢持續,外資連買,108.0,4.35,162,0,162,324,3,0,171,0,171,103.3,108.58,112.56,否,否,否,否,否,是,爆量長紅,,,
7818,溢泰實業,趨勢持續,外資連買,65.4,3.32,133,0,133,266,3,0,107,0,107,63.58,63.13,84.89,否,否,否,否,否,是,爆量長紅,,,
2062,橋椿,低位啟動,外資連買,19.05,0.26,122,0,122,244,3,0,193,0,193,18.98,19.07,19.97,否,是,是,否,否,否,KD黃金交叉,,,
1436,華友聯,低位啟動,外資連買,44.95,0.22,112,0,112,224,3,0,211,-1,211,,,,,,,,,,—,,,
1540,喬福,趨勢持續,外資連買,22.4,3.23,107,0,107,214,3,0,-7,0,-7,,,,,,,,,,—,,,
6873,泓德能源,低位啟動,外資連買,82.2,0.12,107,0,107,214,3,0,221,0,221,,,,,,,,,,—,,,
1604,聲寶,低位啟動,外資連買,23.25,0.65,100,0,100,200,3,0,389,0,389,,,,,,,,,,—,,,
2102,泰豐,低位啟動,外資連買,18.25,0.83,107,0,107,214,3,0,10,0,10,,,,,,,,,,—,,,
1806,冠軍,低位啟動,外資連買,8.06,0.62,97,0,97,194,3,0,118,0,118,,,,,,,,,,—,,,
6558,興能高,低位啟動,外資連買,29.1,1.04,93,0,93,186,3,0,-254,0,-254,,,,,,,,,,—,,,
4938,和碩,強勢噴出,外資連買,82.6,1.47,3285,-3121,3285,3449,3,0,14332,-12622,14332,,,,,,,,,,—,,,
1760,寶齡富錦,低位啟動,外資連買,60.9,0.0,85,0,85,170,3,0,124,0,124,,,,,,,,,,—,,,
1702,南僑,低位啟動,外資連買,31.45,0.16,87,0,87,174,3,0,364,0,364,,,,,,,,,,—,,,
8404,百和興業-KY,低位啟動,外資連買,16.6,0.3,83,0,83,166,3,0,15,0,15,,,,,,,,,,—,,,
2433,互盛電,低位啟動,外資連買,44.8,0.0,79,0,79,158,3,0,70,0,70,,,,,,,,,,—,,,
0061,元大寶滬深,低位啟動,外資連買,25.87,0.9,5,0,5,10,3,0,908,-1000,908,25.57,25.16,24.73,是,是,是,否,否,否,均線多頭、KD黃金交叉,,,
4536,拓凱,趨勢持續,外資連買,167.5,0.3,76,-1,76,151,3,0,261,-4,261,166.0,164.38,157.82,是,是,是,否,否,否,均線多頭、KD黃金交叉,,,
1603,華電,低位啟動,外資連買,31.9,0.31,49,0,49,98,3,0,68,0,68,31.57,31.89,31.82,否,否,否,是,否,否,MACD翻多,,,
3050,鈺德,趨勢持續,外資連買,12.35,2.92,68,0,68,136,3,0,-209,0,-209,12.43,12.9,12.7,否,否,否,否,否,否,—,,,
6165,浪凡,低位啟動,外資連買,47.5,0.11,68,0,68,136,3,0,26,0,26,47.27,48.29,48.59,否,否,否,否,否,否,—,,,
6477,安集,趨勢持續,外資連買,34.25,2.54,65,0,65,130,3,0,1190,0,1190,31.75,32.57,33.59,否,否,否,是,否,否,MACD翻多,,,
2608,嘉里大榮,低位啟動,外資連買,28.95,0.35,55,0,55,110,3,0,5,0,5,28.85,29.44,29.79,否,否,否,否,否,否,—,,,
1524,耿鼎,低位啟動,外資連買,29.0,0.17,54,0,54,108,3,0,-65,0,-65,28.88,30.03,29.62,否,否,否,否,否,否,—,,,
8466,美吉吉-KY,強勢噴出,外資連買,17.5,5.11,55,0,55,110,3,0,78,0,78,16.48,16.05,16.12,否,是,否,否,是,是,布林突破、爆量長紅,,,
3167,大量,趨勢持續,外資連買,842.0,0.0,56,0,56,112,3,0,237,-106,237,801.6,837.5,765.8,否,是,否,否,否,否,—,,,
2429,銘旺科,強勢噴出,外資連買,48.0,6.9,64,0,64,128,3,0,368,0,368,42.2,41.08,45.79,否,否,否,否,是,是,布林突破、爆量長紅,,,
2611,志信,低位啟動,外資連買,13.6,0.37,53,0,53,106,3,0,256,0,256,13.6,13.8,13.7,否,是,否,否,否,否,—,,,
4590,富田-創,低位啟動,外資連買,80.0,1.27,44,0,44,88,3,0,46,0,46,76.96,76.35,75.37,是,是,是,否,否,否,均線多頭、KD黃金交叉,,,
7822,倍利科,強勢噴出,外資連買,1145.0,6.02,39,0,39,78,3,0,-100,0,-100,1121.0,1115.25,1261.75,否,是,否,否,否,否,—,,,
1735,日勝化,低位啟動,外資連買,22.1,0.68,44,0,44,88,3,0,8,0,8,21.98,23.18,25.57,否,否,否,否,否,否,—,,,
2706,第一店,低位啟動,外資連買,12.55,0.4,48,0,48,96,3,0,47,0,47,12.48,12.37,12.32,是,是,是,否,否,否,均線多頭、KD黃金交叉,,,
2613,中櫃,低位啟動,外資連買,21.65,0.46,42,0,42,84,3,0,-55,0,-55,21.53,21.91,22.23,否,否,否,否,否,否,—,,,
1805,寶徠,低位啟動,外資連買,10.4,0.0,41,0,41,82,3,0,70,0,70,10.36,10.5,10.5,否,是,否,否,否,否,—,,,
4108,懷特,低位啟動,外資連買,11.95,1.27,36,0,36,72,3,0,28,0,28,11.98,12.15,12.23,否,否,否,否,否,否,—,,,
2109,華豐,低位啟動,外資連買,14.65,0.69,36,0,36,72,3,0,49,0,49,14.55,14.48,14.35,是,是,否,否,否,否,均線多頭,,,
1417,嘉裕,低位啟動,外資連買,8.57,0.47,39,0,39,78,3,0,120,0,120,8.46,8.48,8.59,否,是,是,否,否,否,KD黃金交叉,,,
4736,泰博,低位啟動,外資連買,123.5,0.82,35,0,35,70,3,0,119,0,119,,,,,,,,,,—,,,
1783,和康生,低位啟動,外資連買,39.05,0.13,33,0,33,66,3,0,-30,0,-30,,,,,,,,,,—,,,
6931,青松健康,低位啟動,外資連買,40.55,1.88,34,0,34,68,3,0,48,0,48,,,,,,,,,,—,,,
3712,永崴投控,低位啟動,外資連買,18.2,1.11,29,0,29,58,3,0,191,0,191,,,,,,,,,,—,,,
4912,聯德控股-KY,低位啟動,外資連買,85.6,1.06,31,0,31,62,3,0,-83,0,-83,,,,,,,,,,—,,,
2849,安泰銀,低位啟動,外資連買,14.4,1.41,30,0,30,60,3,0,88,0,88,,,,,,,,,,—,,,
9919,康那香,低位啟動,外資連買,13.75,0.0,28,0,28,56,3,0,-198,0,-198,,,,,,,,,,—,,,
2543,皇昌,低位啟動,外資連買,38.3,0.66,33,0,33,66,3,0,-126,-1,-126,,,,,,,,,,—,,,
2701,萬企,低位啟動,外資連買,10.6,0.0,28,0,28,56,3,0,25,0,25,,,,,,,,,,—,,,
7705,三商餐飲,低位啟動,外資連買,32.2,1.58,26,0,26,52,3,0,31,0,31,,,,,,,,,,—,,,
4414,如興,低位啟動,外資連買,8.47,0.24,26,0,26,52,3,0,224,0,224,,,,,,,,,,—,,,
9934,成霖,低位啟動,外資連買,10.05,0.5,31,0,31,62,3,0,234,0,234,,,,,,,,,,—,,,
1459,聯發,低位啟動,外資連買,11.7,0.43,32,0,32,64,3,0,-94,0,-94,,,,,,,,,,—,,,
2397,友通,低位啟動,外資連買,57.0,0.35,25,0,25,50,3,0,-27,0,-27,,,,,,,,,,—,,,
2243,宏旭-KY,強勢噴出,外資連買,62.0,8.77,20,0,20,40,3,0,31,-1,31,56.14,42.61,30.08,是,是,是,否,否,否,均線多頭、KD黃金交叉,,,
7821,神數,低位啟動,外資連買,42.0,0.24,21,0,21,42,3,0,-91,0,-91,41.9,43.77,47.97,否,否,是,否,否,否,KD黃金交叉,,,
2516,新建,低位啟動,外資連買,13.8,0.0,24,0,24,48,3,0,3,0,3,13.77,13.35,13.19,是,是,否,否,否,否,均線多頭,,,
6657,華安,趨勢持續,外資連買,35.7,2.0,23,0,23,46,3,0,122,0,122,35.81,36.23,39.6,否,否,否,否,否,否,—,,,
4585,達明,趨勢持續,外資連買,305.5,1.66,21,0,21,42,3,0,-59,0,-59,300.0,314.52,323.42,否,否,是,否,否,否,KD黃金交叉,,,
9905,大華,低位啟動,外資連買,21.25,0.24,22,0,22,44,3,0,111,0,111,21.22,20.92,21.06,否,是,否,否,否,否,—,,,
2923,鼎固-KY,低位啟動,外資連買,27.15,0.74,27,0,27,54,3,0,81,0,81,25.91,24.73,23.92,是,是,否,否,否,否,均線多頭,,,
4572,駐龍,低位啟動,外資連買,146.0,0.69,17,0,17,34,3,0,13,0,13,144.1,144.78,145.23,否,否,是,是,否,否,KD黃金交叉、MACD翻多,,,
6863,永道-KY,低位啟動,外資連買,91.3,0.55,20,0,20,40,3,0,40,0,40,91.5,96.88,101.75,否,否,否,否,否,否,—,,,
1537,廣隆,低位啟動,外資連買,126.0,0.4,19,0,19,38,3,0,13,0,13,125.6,126.6,125.12,否,否,否,否,否,否,—,,,
6969,成信實業*-創,低位啟動,外資連買,23.75,0.0,18,0,18,36,3,0,30,0,30,24.3,26.13,27.92,否,否,是,否,否,否,KD黃金交叉,,,
4771,望隼,趨勢持續,外資連買,195.5,0.26,15,0,15,30,3,0,137,0,137,191.9,192.07,191.57,否,否,否,否,否,否,—,,,
6838,台新藥,低位啟動,外資連買,23.9,1.92,13,0,13,26,3,0,50,0,50,23.96,24.65,26.71,否,否,否,否,否,否,—,,,
1456,怡華,趨勢持續,外資連買,14.0,2.94,14,0,14,28,3,0,34,0,34,14.29,14.43,13.9,否,是,否,否,否,否,—,,,
6277,宏正,低位啟動,外資連買,70.0,0.14,14,0,14,28,3,0,-81,0,-81,69.78,73.08,72.55,否,否,是,否,否,否,KD黃金交叉,,,
1726,永記,低位啟動,外資連買,78.5,0.38,15,0,15,30,3,0,-35,0,-35,78.42,78.44,77.06,否,是,否,否,否,否,—,,,
2459,敦吉,低位啟動,外資連買,64.2,0.0,13,0,13,26,3,0,82,0,82,63.84,66.41,66.6,否,否,否,否,否,否,—,,,
6230,尼得科超眾,低位啟動,外資連買,125.0,0.81,11,0,11,22,3,0,-30,0,-30,,,,,,,,,,—,,,
6957,裕慶-KY,趨勢持續,外資連買,190.0,0.0,11,0,11,22,3,0,-4,0,-4,,,,,,,,,,—,,,
1732,毛寶,低位啟動,外資連買,26.3,0.57,11,0,11,22,3,0,37,0,37,,,,,,,,,,—,,,
9937,全國,低位啟動,外資連買,55.5,0.36,11,0,11,22,3,0,26,0,26,,,,,,,,,,—,,,
2008,高興昌,低位啟動,外資連買,30.8,0.98,9,0,9,18,3,0,22,0,22,,,,,,,,,,—,,,
6281,全國電,低位啟動,外資連買,51.1,0.2,9,0,9,18,3,0,-36,0,-36,,,,,,,,,,—,,,
1468,昶和,低位啟動,外資連買,12.0,0.0,8,0,8,16,3,0,7,0,7,,,,,,,,,,—,,,
1762,中化生,低位啟動,外資連買,36.8,0.82,6,0,6,12,3,0,-37,0,-37,36.92,37.45,34.51,否,否,否,否,否,否,—,,,
2227,裕日車,低位啟動,外資連買,49.45,0.1,8,0,8,16,3,0,4,0,4,49.2,49.55,51.02,否,否,否,否,否,否,—,,,
6958,日盛台駿,低位啟動,外資連買,16.8,1.2,8,0,8,16,3,0,15,0,15,16.72,17.0,17.96,否,否,否,否,否,否,—,,,
4440,宜新實業,低位啟動,外資連買,17.15,0.59,5,0,5,10,3,0,28,0,28,17.14,17.36,17.74,否,否,否,否,否,否,—,,,
1439,雋揚,低位啟動,外資連買,24.1,0.42,7,0,7,14,3,0,105,0,105,24.19,24.83,25.96,否,否,是,否,否,否,KD黃金交叉,,,
5007,三星,低位啟動,外資連買,56.0,0.72,7,0,7,14,3,0,17,0,17,56.02,56.39,57.08,否,否,否,否,否,否,—,,,
1203,味王,低位啟動,外資連買,43.55,0.11,6,0,6,12,3,0,15,0,15,43.1,42.99,42.8,是,否,否,否,否,否,均線多頭,,,
1413,宏洲,低位啟動,外資連買,9.34,0.11,4,0,4,8,3,0,-3,0,-3,9.35,9.45,9.56,否,否,否,否,否,否,—,,,
1443,立益物流,低位啟動,外資連買,26.25,0.77,5,0,5,10,3,0,2,0,2,26.26,26.76,25.2,否,是,否,否,否,否,—,,,
2702,華園,低位啟動,外資連買,12.5,0.0,4,0,4,8,3,0,-25,0,-25,12.49,12.91,13.94,否,否,否,否,否,否,—,,,
3266,昇陽,低位啟動,外資連買,13.6,0.37,7,0,7,14,3,0,50,0,50,13.65,13.33,13.29,是,是,否,否,否,否,均線多頭,,,
3593,力銘,趨勢持續,外資連買,15.1,2.37,4,0,4,8,3,0,12,0,12,15.53,16.21,17.35,否,否,否,否,否,否,—,,,
6933,AMAX-KY,低位啟動,外資連買,141.0,0.71,3,0,3,6,3,0,-10,0,-10,140.9,153.65,165.9,否,否,否,否,否,否,—,,,
1475,業旺,低位啟動,外資連買,27.1,0.93,1,0,1,2,3,0,4,0,4,27.15,26.88,27.18,否,是,否,否,否,否,—,,,
1454,台富,低位啟動,外資連買,12.75,0.0,4,0,4,8,3,0,2,0,2,12.77,12.88,13.07,否,否,否,否,否,否,—,,,
1441,大東,低位啟動,外資連買,9.03,0.33,2,0,2,4,3,0,5,0,5,9.03,9.19,9.79,否,否,否,否,否,否,—,,,
6581,鋼聯,低位啟動,外資連買,107.0,0.0,4,0,4,8,3,0,-8,0,-8,,,,,,,,,,—,,,
6794,向榮生技,低位啟動,外資連買,78.9,0.77,2,0,2,4,3,0,27,0,27,,,,,,,,,,—,,,
2254,巨鎧精密-創,低位啟動,外資連買,59.6,0.34,1,0,1,2,3,0,2,0,2,,,,,,,,,,—,,,
1539,巨庭,低位啟動,外資連買,15.65,0.0,3,0,3,6,3,0,11,0,11,,,,,,,,,,—,,,
1558,伸興,低位啟動,外資連買,90.6,0.11,32,-31,32,33,3,0,58,-56,58,,,,,,,,,,—,,,
2852,第一保,低位啟動,外資連買,26.5,0.38,283,-293,283,273,3,0,602,-313,602,,,,,,,,,,—,,,
3029,零壹,低位啟動,外資連買,99.2,0.81,179,-201,179,157,3,0,207,-106,207,,,,,,,,,,—,,,
1225,福懋油,低位啟動,外資連買,29.2,0.17,33,0,33,66,3,0,49,0,49,29.43,30.3,31.09,否,否,否,否,否,否,—,,,
3209,全科,趨勢持續,外資連買,57.6,2.86,150,-503,150,-203,3,0,431,-756,431,59.2,64.19,61.16,否,否,否,否,否,否,—,,,
6994,富威電力,強勢噴出,外資連買,43.35,12.45,694,0,694,1388,3,0,73,0,73,47.29,54.81,60.4,否,否,否,否,否,是,爆量長紅,,,
3044,健鼎,強勢噴出,外資連買,506.0,2.43,2248,-3015,2248,1481,3,0,3265,-4791,3265,512.7,517.73,479.38,否,否,否,否,否,否,—,,,
2449,京元電子,強勢噴出,外資連買,331.0,2.0,5212,-662,5212,9762,2,0,28549,-7607,28549,323.9,306.45,301.41,是,是,否,否,否,否,均線多頭,,,
2515,中工,強勢噴出,外資連買,13.3,1.92,4061,0,4061,8122,2,0,6995,-6,6995,13.06,13.1,13.13,否,是,否,是,否,否,MACD翻多,,,
2338,光罩,強勢噴出,外資連買,53.2,4.72,3971,0,3971,7942,2,0,3162,0,3162,49.89,50.56,50.15,否,否,是,否,否,是,KD黃金交叉、爆量長紅,,,
4526,東台,強勢噴出,外資連買,41.15,0.24,3178,0,3178,6356,2,0,2523,0,2523,40.08,40.33,37.78,否,否,否,否,否,否,—,,,
1710,東聯,強勢噴出,外資連買,18.4,9.85,2094,0,2094,4188,2,0,10318,0,10318,15.69,14.61,13.61,是,是,否,否,是,否,均線多頭、布林突破,,,
3717,聯嘉投控,強勢噴出,外資連買,28.95,5.46,1103,0,1103,2206,2,0,2537,0,2537,25.66,22.79,22.39,是,是,否,否,是,是,均線多頭、布林突破、爆量長紅,,,
3042,晶技,強勢噴出,外資連買,206.0,9.87,1254,0,1254,2508,2,0,5258,-1184,5258,191.8,210.03,174.39,否,否,是,否,否,否,KD黃金交叉,,,
4916,事欣科,強勢噴出,外資連買,112.5,9.76,1550,0,1550,3100,2,0,1277,0,1277,101.28,107.48,85.22,否,否,否,否,否,是,爆量長紅,,,
1515,力山,強勢噴出,外資連買,35.45,9.92,1599,0,1599,3198,2,0,1678,0,1678,31.87,26.55,23.9,是,是,否,否,是,否,均線多頭、布林突破,,,
3033,威健,強勢噴出,外資連買,49.8,0.81,2062,-562,2062,3562,2,0,4399,-618,4399,49.25,49.72,44.19,否,否,否,否,否,否,—,,,
6672,騰輝電子-KY,強勢噴出,外資連買,290.5,3.38,1163,0,1163,2326,2,0,3945,-1,3945,,,,,,,,,,—,,,
2645,長榮航太,強勢噴出,外資連買,204.0,9.97,878,-42,878,1714,2,0,2802,-41,2802,,,,,,,,,,—,,,
1444,力麗,強勢噴出,外資連買,9.35,4.35,975,0,975,1950,2,0,1486,0,1486,,,,,,,,,,—,,,
1313,聯成,強勢噴出,外資連買,12.2,2.09,893,0,893,1786,2,0,-7198,0,-7198,,,,,,,,,,—,,,
3694,海華,強勢噴出,外資連買,66.4,6.75,876,0,876,1752,2,0,537,0,537,,,,,,,,,,—,,,
7795,長廣,強勢噴出,外資連買,605.0,8.81,849,0,849,1698,2,0,1198,0,1198,509.3,420.88,397.88,是,是,否,否,是,是,均線多頭、布林突破、爆量長紅,,,
3092,鴻碩,強勢噴出,外資連買,32.85,7.35,795,0,795,1590,2,0,683,0,683,30.58,30.27,30.86,否,是,是,否,否,是,KD黃金交叉、爆量長紅,,,
8016,矽創,強勢噴出,外資連買,339.0,2.11,793,-136,793,1450,2,0,2962,-735,2962,325.9,304.12,268.59,是,是,否,否,否,否,均線多頭,,,
6164,華興,強勢噴出,外資連買,14.45,9.89,658,0,658,1316,2,0,635,0,635,13.23,13.11,12.59,是,是,是,是,是,是,均線多頭、KD黃金交叉、MACD翻多、布林突破、爆量長紅,,,
6168,宏齊,強勢噴出,外資連買,30.15,3.08,613,0,613,1226,2,0,1152,0,1152,30.81,28.51,27.59,是,是,否,否,否,否,均線多頭,,,
1721,三晃,強勢噴出,外資連買,25.6,9.87,597,0,597,1194,2,0,707,0,707,23.84,24.51,25.59,否,否,是,是,否,是,KD黃金交叉、MACD翻多、爆量長紅,,,
2467,志聖,強勢噴出,外資連買,646.0,4.19,572,-50,572,1094,2,0,1394,-62,1394,596.0,584.95,575.04,是,否,否,否,是,是,均線多頭、布林突破、爆量長紅,,,
1514,亞力,強勢噴出,外資連買,125.5,2.03,318,0,318,636,2,0,-1849,-2,-1849,121.9,125.1,118.87,否,否,是,否,否,否,KD黃金交叉,,,
6834,天二科技,強勢噴出,外資連買,127.0,6.72,326,0,326,652,2,0,42,0,42,,,,,,,,,,—,,,
6196,帆宣,趨勢持續,外資連買,571.0,3.07,282,-37,282,527,2,0,674,-5,674,,,,,,,,,,—,,,
6658,聯策,強勢噴出,外資連買,257.0,9.83,232,0,232,464,2,0,390,0,390,,,,,,,,,,—,,,
3051,力特,低位啟動,外資連買,27.25,0.37,227,0,227,454,2,0,-730,0,-730,,,,,,,,,,—,,,
3257,虹冠電,低位啟動,外資連買,67.1,0.9,214,0,214,428,2,0,100,0,100,66.16,61.45,57.58,是,否,否,否,否,否,均線多頭,,,
5222,全訊,趨勢持續,外資連買,124.0,2.06,175,0,175,350,2,0,483,5,483,121.1,118.25,125.88,否,否,否,否,否,否,—,,,
3004,豐達科,趨勢持續,外資連買,137.5,2.61,156,0,156,312,2,0,442,0,442,131.0,131.88,123.67,否,是,是,否,否,否,KD黃金交叉,,,
3311,閎暉,低位啟動,外資連買,38.05,0.4,130,0,130,260,2,0,202,0,202,37.38,38.78,34.68,否,是,否,否,否,否,—,,,
2527,宏璟,低位啟動,外資連買,40.7,0.0,211,-85,211,337,2,0,1490,-92,1490,40.27,38.19,35.88,是,是,否,否,否,否,均線多頭,,,
6205,詮欣,低位啟動,外資連買,73.4,1.94,118,0,118,236,2,0,-261,0,-261,74.82,80.51,79.32,否,否,否,否,否,否,—,,,
2258,鴻華先進-創,低位啟動,外資連買,33.15,0.61,113,0,113,226,2,0,-699,0,-699,32.55,32.11,29.75,是,是,否,否,否,否,均線多頭,,,
4588,玖鼎電力,趨勢持續,外資連買,60.6,3.06,104,0,104,208,2,0,38,0,38,,,,,,,,,,—,,,
2329,華泰,低位啟動,外資連買,53.1,1.14,180,0,180,360,2,0,-3083,6,-3083,,,,,,,,,,—,,,
2427,三商電,低位啟動,外資連買,22.05,0.46,104,0,104,208,2,0,-68,0,-68,,,,,,,,,,—,,,
5525,順天,低位啟動,外資連買,21.6,0.23,82,0,82,164,2,0,79,0,79,,,,,,,,,,—,,,
5258,虹堡,強勢噴出,外資連買,51.0,4.4,73,0,73,146,2,0,-154,0,-154,48.58,49.72,50.87,否,否,是,是,否,是,KD黃金交叉、MACD翻多、爆量長紅,,,
2364,倫飛,低位啟動,外資連買,67.6,0.9,69,0,69,138,2,0,-129,0,-129,66.38,69.42,67.08,否,否,否,否,否,否,—,,,
2420,新巨,低位啟動,外資連買,60.9,0.33,138,-75,138,201,2,0,210,-220,210,60.64,61.76,58.71,否,否,否,否,否,否,—,,,
3518,柏騰,趨勢持續,外資連買,30.4,2.01,68,0,68,136,2,0,9,0,9,29.59,29.56,30.79,否,否,否,否,否,否,—,,,
3041,揚智,趨勢持續,外資連買,28.0,2.19,50,0,50,100,2,0,95,0,95,27.99,26.97,24.97,是,是,否,否,否,否,均線多頭,,,
1737,臺鹽,低位啟動,外資連買,31.8,0.32,53,0,53,106,2,0,81,0,81,31.83,31.75,31.73,是,是,否,否,否,否,均線多頭,,,
4545,銘鈺,低位啟動,外資連買,37.7,1.21,45,0,45,90,2,0,80,0,80,37.14,37.57,33.74,否,否,否,否,否,否,—,,,
4562,穎漢,低位啟動,外資連買,33.7,0.6,40,0,40,80,2,0,-2,0,-2,33.55,36.1,36.74,否,否,是,否,否,否,KD黃金交叉,,,
5225,東科-KY,趨勢持續,外資連買,73.6,2.36,36,0,36,72,2,0,65,0,65,72.38,73.34,74.28,否,是,是,是,否,否,KD黃金交叉、MACD翻多,,,
1110,東泥,低位啟動,外資連買,15.5,0.98,43,0,43,86,2,0,54,0,54,15.27,15.54,15.08,否,是,否,否,否,否,—,,,
2705,六福,低位啟動,外資連買,16.2,0.0,41,0,41,82,2,0,86,0,86,16.18,15.98,16.1,否,是,否,否,否,否,—,,,
4106,雃博,低位啟動,外資連買,23.6,0.21,34,0,34,68,2,0,69,0,69,,,,,,,,,,—,,,
2438,翔耀,趨勢持續,外資連買,21.25,3.16,29,0,29,58,2,0,-14,0,-14,,,,,,,,,,—,,,
7786,東方風能,低位啟動,外資連買,121.5,1.25,30,0,30,60,2,0,202,0,202,,,,,,,,,,—,,,
5283,禾聯碩,低位啟動,外資連買,52.7,0.19,26,0,26,52,2,0,-89,0,-89,,,,,,,,,,—,,,
1615,大山,低位啟動,外資連買,44.75,0.34,27,0,27,54,2,0,24,0,24,,,,,,,,,,—,,,
6272,驊陞,低位啟動,外資連買,31.2,1.3,26,0,26,52,2,0,-77,0,-77,,,,,,,,,,—,,,
6591,動力-KY,低位啟動,外資連買,54.3,1.5,25,0,25,50,2,0,-123,0,-123,53.6,55.36,56.14,否,否,是,否,否,否,KD黃金交叉,,,
6906,現觀科,低位啟動,外資連買,90.4,1.8,24,0,24,48,2,0,11,0,11,89.62,92.7,79.61,否,否,否,否,否,否,—,,,
8045,達運光電,低位啟動,外資連買,59.9,1.7,25,0,25,50,2,0,58,0,58,59.32,62.22,69.33,否,否,否,是,否,否,MACD翻多,,,
3419,譁裕,低位啟動,外資連買,13.95,0.72,21,0,21,42,2,0,-158,0,-158,13.81,14.1,14.6,否,否,否,否,否,否,—,,,
1339,昭輝,低位啟動,外資連買,43.95,0.11,16,0,16,32,2,0,-40,0,-40,43.71,43.87,42.23,否,否,是,否,否,否,KD黃金交叉,,,
1535,中宇,低位啟動,外資連買,49.95,0.71,15,0,15,30,2,0,42,0,42,49.93,50.14,50.43,否,是,否,否,否,否,—,,,
3046,建碁,低位啟動,外資連買,50.9,0.0,14,0,14,28,2,0,-506,0,-506,50.82,55.87,52.5,否,否,否,否,否,否,—,,,
6201,亞弘電,低位啟動,外資連買,48.0,0.1,16,0,16,32,2,0,-7,0,-7,48.15,48.11,49.11,否,否,否,否,否,否,—,,,
1526,日馳,低位啟動,外資連買,14.25,0.0,8,0,8,16,2,0,-36,0,-36,14.15,14.55,15.3,否,否,是,是,否,否,KD黃金交叉、MACD翻多,,,
3669,圓展,低位啟動,外資連買,34.1,0.29,13,0,13,26,2,0,-53,0,-53,34.12,36.05,37.89,否,否,否,否,否,否,—,,,
2482,連宇,低位啟動,外資連買,16.55,0.3,9,0,9,18,2,0,-158,0,-158,16.72,16.97,16.89,否,是,否,否,否,否,—,,,
6756,威鋒電子,低位啟動,外資連買,96.4,1.58,12,0,12,24,2,0,-145,0,-145,96.7,98.13,92.7,否,否,否,否,否,否,—,,,
1108,幸福,低位啟動,外資連買,13.75,0.36,10,0,10,20,2,0,-133,0,-133,,,,,,,,,,—,,,
1471,首利,低位啟動,外資連買,10.65,1.43,9,0,9,18,2,0,-211,0,-211,,,,,,,,,,—,,,
6955,邦睿生技-創,低位啟動,外資連買,122.0,0.41,16,0,16,32,2,0,21,0,21,,,,,,,,,,—,,,
8367,建新國際,低位啟動,外資連買,40.25,0.25,9,0,9,18,2,0,10,0,10,,,,,,,,,,—,,,
9918,欣天然,低位啟動,外資連買,43.4,0.12,9,0,9,18,2,0,23,0,23,,,,,,,,,,—,,,
5292,華懋,趨勢持續,外資連買,220.5,0.46,7,0,7,14,2,0,14,-1,14,,,,,,,,,,—,,,
8072,陞泰,低位啟動,外資連買,29.2,0.34,7,0,7,14,2,0,-227,0,-227,,,,,,,,,,—,,,
4441,振大環球,趨勢持續,外資連買,191.5,1.86,7,0,7,14,2,0,-91,0,-91,189.0,197.8,197.88,否,否,是,否,否,否,KD黃金交叉,,,
6674,鋐寶科技,低位啟動,外資連買,17.15,0.88,6,0,6,12,2,0,24,0,24,17.19,17.5,18.02,否,否,否,否,否,否,—,,,
9906,欣巴巴,低位啟動,外資連買,41.35,0.0,4,0,4,8,2,0,28,0,28,41.4,42.89,39.13,否,是,否,否,否,否,—,,,
1451,年興,低位啟動,外資連買,17.05,0.29,11,0,11,22,2,0,-2,0,-2,17.03,16.82,17.0,否,是,否,否,否,否,—,,,
6671,三能-KY,低位啟動,外資連買,24.8,1.85,6,0,6,12,2,0,-4,0,-4,24.56,25.67,28.33,否,否,否,是,否,否,MACD翻多,,,
6722,輝創,低位啟動,外資連買,34.25,1.93,4,0,4,8,2,0,11,0,11,35.13,37.5,38.61,否,否,否,否,否,否,—,,,
6606,建德工業,低位啟動,外資連買,24.9,0.0,5,0,5,10,2,0,-10,0,-10,24.77,25.53,25.02,否,否,否,否,否,否,—,,,
4930,燦星網,低位啟動,外資連買,16.85,0.3,4,0,4,8,2,0,-12,0,-12,16.93,17.38,17.91,否,否,否,否,否,否,—,,,
5215,科嘉-KY,低位啟動,外資連買,44.0,0.57,7,0,7,14,2,0,118,0,118,43.51,44.76,42.35,否,否,否,否,否,否,—,,,
1315,達新,低位啟動,外資連買,62.5,0.0,3,0,3,6,2,0,0,0,0,62.28,61.85,62.39,否,是,否,否,否,否,—,,,
6988,威力暘-創,低位啟動,外資連買,13.55,0.74,1,0,1,2,2,0,0,0,0,13.45,13.98,14.77,否,否,否,否,否,否,—,,,
2850,新產,低位啟動,外資連買,142.0,0.35,6,-3,6,9,2,0,348,-216,348,141.3,144.05,135.15,否,否,否,否,否,否,—,,,
1418,東華,低位啟動,外資連買,17.75,0.28,2,0,2,4,2,0,-1,0,-1,17.81,18.35,18.46,否,否,否,否,否,否,—,,,
2712,遠雄來,趨勢持續,外資連買,14.9,2.41,2,0,2,4,2,0,-1,0,-1,15.06,15.06,15.85,否,是,否,否,否,否,—,,,
2642,宅配通,低位啟動,外資連買,20.75,0.48,3,0,3,6,2,0,-32,0,-32,,,,,,,,,,—,,,
2414,精技,趨勢持續,外資連買,59.1,2.07,30,0,30,60,2,0,149,0,149,,,,,,,,,,—,,,
1465,偉全,低位啟動,外資連買,12.65,0.4,2,0,2,4,2,0,-7,0,-7,,,,,,,,,,—,,,
6754,匯僑設計,低位啟動,外資連買,44.7,0.45,4,-11,4,-3,2,0,-25,-23,-25,,,,,,,,,,—,,,
3038,全台,低位啟動,外資連買,21.7,1.88,43,-125,43,-39,2,0,-256,-134,-256,21.94,22.96,22.79,否,否,否,否,否,否,—,,,
8454,富邦媒,強勢噴出,外資連買,276.0,8.45,14,-102,14,-74,2,0,418,-659,418,308.3,341.75,239.49,否,是,否,否,否,否,—,,,
1409,新纖,強勢噴出,外資連買,25.65,1.58,1033,0,1033,2066,2,0,-3895,-6,-3895,26.15,26.52,20.57,否,是,否,否,否,否,—,,,
2439,美律,強勢噴出,外資連買,89.5,0.79,347,-1131,347,-437,2,0,500,-2204,500,90.1,91.1,88.86,否,否,否,否,否,否,—,,,
6176,瑞儀,強勢噴出,外資連買,86.9,0.12,865,-1733,865,-3,2,0,3467,-9476,3467,87.84,91.24,96.75,否,否,否,否,否,否,—,,,
2882,國泰金,強勢噴出,外資連買,95.0,3.6,27510,-30751,27510,24269,2,0,53575,-33814,53575,,,,,,,,,,—,,,
2880,華南金,強勢噴出,外資連買,36.7,3.67,1742,-7714,1742,-4230,2,0,-21816,24305,-21816,,,,,,,,,,—,,,
2363,矽統,強勢噴出,外資連買,73.5,6.52,19230,0,19230,38460,1,0,9369,85,9369,71.18,63.94,59.73,是,是,是,否,否,是,均線多頭、KD黃金交叉、爆量長紅,,,
2881,富邦金,強勢噴出,外資連買,122.5,0.0,29531,-16353,29531,42709,1,0,24119,-17080,24119,130.1,127.5,105.24,是,是,否,否,否,否,均線多頭,,,
2884,玉山金,強勢噴出,外資連買,32.9,0.0,13398,-5292,13398,21504,1,0,-71515,47626,-71515,34.37,34.4,32.83,否,是,否,否,否,否,—,,,
2464,盟立,強勢噴出,外資連買,190.0,9.83,7018,-178,7018,13858,1,0,7113,-174,7113,169.6,164.72,131.67,是,否,是,否,是,是,均線多頭、KD黃金交叉、布林突破、爆量長紅,,,
3605,宏致,強勢噴出,外資連買,85.6,9.88,3695,0,3695,7390,1,0,4851,0,4851,78.6,76.05,76.49,否,是,是,否,是,是,KD黃金交叉、布林突破、爆量長紅,,,
2375,凱美,強勢噴出,外資連買,232.5,9.93,3884,0,3884,7768,1,0,1255,0,1255,209.2,186.5,130.19,是,是,是,是,否,是,均線多頭、KD黃金交叉、MACD翻多、爆量長紅,,,
2327,國巨*,強勢噴出,外資連買,1140.0,0.0,13307,-9812,13307,16802,1,0,2059,-7862,2059,1092.0,948.7,604.89,是,是,否,否,否,否,均線多頭,,,
1609,大亞,強勢噴出,外資連買,38.7,1.84,2645,0,2645,5290,1,0,-649,-1,-649,37.11,38.01,35.59,否,否,否,否,否,否,—,,,
2481,強茂,強勢噴出,外資連買,194.5,6.58,1997,-41,1997,3953,1,0,-4317,4505,-4317,182.0,162.9,131.82,是,是,是,否,否,否,均線多頭、KD黃金交叉,,,
8261,富鼎,強勢噴出,外資連買,297.5,9.98,1980,0,1980,3960,1,0,-509,13,-509,262.7,207.9,159.15,是,是,是,否,是,否,均線多頭、KD黃金交叉、布林突破,,,
1326,台化,強勢噴出,外資連買,56.3,3.11,1053,0,1053,2106,1,0,-15995,-7,-15995,55.9,53.04,50.03,是,是,否,否,否,否,均線多頭,,,
2302,麗正,強勢噴出,外資連買,50.4,0.0,1566,0,1566,3132,1,0,1140,0,1140,48.11,41.18,29.2,是,是,否,否,否,否,均線多頭,,,
1905,華紙,強勢噴出,外資連買,16.05,3.55,1534,0,1534,3068,1,0,-125,-5,-125,16.59,14.95,13.64,是,是,否,否,否,否,均線多頭,,,
3035,智原,強勢噴出,外資連買,212.0,0.47,1245,0,1245,2490,1,0,-2093,0,-2093,,,,,,,,,,—,,,
6719,力智,強勢噴出,外資連買,297.0,10.0,1277,0,1277,2554,1,0,306,5,306,,,,,,,,,,—,,,
2365,昆盈,強勢噴出,外資連買,34.25,1.63,1175,0,1175,2350,1,0,802,0,802,,,,,,,,,,—,,,
1308,亞聚,強勢噴出,外資連買,14.05,0.36,1145,0,1145,2290,1,0,1911,0,1911,,,,,,,,,,—,,,
3055,蔚華科,強勢噴出,外資連買,127.5,9.91,831,0,831,1662,1,0,-149,0,-149,,,,,,,,,,—,,,
4989,榮科,強勢噴出,外資連買,91.8,5.15,939,0,939,1878,1,0,733,0,733,,,,,,,,,,—,,,
2838,聯邦銀,強勢噴出,外資連買,22.6,0.22,840,0,840,1680,1,0,-79,-8,-79,22.55,22.06,21.0,是,是,否,否,否,否,均線多頭,,,
2820,華票,強勢噴出,外資連買,17.75,0.57,804,0,804,1608,1,0,-3120,0,-3120,17.75,17.59,17.14,是,是,否,否,否,否,均線多頭,,,
2520,冠德,強勢噴出,外資連買,34.3,1.03,690,0,690,1380,1,0,845,-6,845,34.22,33.93,31.66,是,是,否,否,否,否,均線多頭,,,
6757,台灣虎航,強勢噴出,外資連買,61.5,1.32,672,0,672,1344,1,0,3369,600,3369,62.66,58.17,53.92,是,是,否,否,否,否,均線多頭,,,
2436,偉詮電,強勢噴出,外資連買,70.9,0.14,709,0,709,1418,1,0,301,52,301,71.98,71.0,71.41,否,否,否,否,否,否,—,,,
3416,融程電,強勢噴出,外資連買,179.5,1.13,512,0,512,1024,1,0,385,0,385,171.4,174.62,168.35,否,否,否,否,否,否,—,,,
8105,凌巨,強勢噴出,外資連買,21.65,5.87,522,0,522,1044,1,0,-11713,0,-11713,23.04,21.77,17.23,是,是,否,否,否,否,均線多頭,,,
6133,金橋,強勢噴出,外資連買,23.9,6.94,483,0,483,966,1,0,-287,0,-287,22.51,23.23,22.87,否,否,否,否,否,是,爆量長紅,,,
6155,鈞寶,強勢噴出,外資連買,88.0,4.64,465,0,465,930,1,0,22,0,22,88.14,85.11,63.1,是,是,否,否,否,是,均線多頭、爆量長紅,,,
9941,裕融,強勢噴出,外資連買,81.3,1.62,411,-3,411,819,1,0,-163,-723,-163,79.98,82.14,77.82,否,是,是,否,否,否,KD黃金交叉,,,
6166,凌華,強勢噴出,外資連買,129.5,8.37,378,0,378,756,1,0,180,0,180,139.5,138.85,108.57,是,是,否,否,否,否,均線多頭,,,
6909,創控,強勢噴出,外資連買,60.6,9.98,365,0,365,730,1,0,-137,0,-137,56.92,51.25,54.24,否,是,是,否,否,否,KD黃金交叉,,,
3034,聯詠,強勢噴出,外資連買,538.0,0.56,968,-733,968,1203,1,0,-1349,433,-1349,533.2,511.93,467.21,是,是,否,否,否,否,均線多頭,,,
1503,士電,趨勢持續,外資連買,238.5,0.42,298,0,298,596,1,0,374,-15,374,,,,,,,,,,—,,,
3588,通嘉,趨勢持續,外資連買,65.8,2.65,294,0,294,588,1,0,355,0,355,,,,,,,,,,—,,,
3002,歐格,趨勢持續,外資連買,22.0,3.04,287,0,287,574,1,0,183,0,183,,,,,,,,,,—,,,
2915,潤泰全,強勢噴出,外資連買,51.7,0.19,349,-68,349,630,1,0,-966,-118,-966,,,,,,,,,,—,,,
5608,四維航,低位啟動,外資連買,14.25,0.0,274,0,274,548,1,0,-722,0,-722,,,,,,,,,,—,,,
3665,貿聯-KY,趨勢持續,外資連買,2010.0,4.96,264,-37,264,491,1,0,876,-518,876,,,,,,,,,,—,,,
2511,太子,低位啟動,外資連買,8.19,0.74,269,0,269,538,1,0,-505,0,-505,,,,,,,,,,—,,,
1467,南緯,強勢噴出,外資連買,8.03,10.0,242,0,242,484,1,0,217,0,217,,,,,,,,,,—,,,
6525,捷敏-KY,趨勢持續,外資連買,151.5,0.33,211,-2,211,420,1,0,41,-4,41,,,,,,,,,,—,,,
3056,富華新,低位啟動,外資連買,14.6,1.04,223,-1,223,445,1,0,756,-1,756,,,,,,,,,,—,,,
1217,愛之味,低位啟動,外資連買,9.84,0.2,224,0,224,448,1,0,8,0,8,,,,,,,,,,—,,,
2534,宏盛,低位啟動,外資連買,16.5,0.3,221,0,221,442,1,0,-978,0,-978,,,,,,,,,,—,,,
4977,眾達-KY,強勢噴出,外資連買,157.0,8.65,237,0,237,474,1,0,1038,-1,1038,167.0,182.5,205.72,否,否,否,否,否,否,—,,,
2539,櫻花建,強勢噴出,外資連買,39.25,0.9,776,-592,776,960,1,0,1110,-603,1110,38.9,38.53,40.32,否,是,是,否,否,否,KD黃金交叉,,,
1722,台肥,低位啟動,外資連買,47.45,0.0,173,0,173,346,1,0,514,-19,514,47.53,47.92,46.8,否,是,否,否,否,否,—,,,
9911,櫻花,低位啟動,外資連買,83.5,0.85,187,-2,187,372,1,0,166,-12,166,83.16,83.53,83.2,否,是,否,否,否,否,—,,,
1736,喬山,強勢噴出,外資連買,132.0,5.18,320,-136,320,504,1,0,1121,-14,1121,124.9,117.0,119.42,否,是,是,否,是,否,KD黃金交叉、布林突破,,,
5285,界霖,趨勢持續,外資連買,92.9,3.8,184,0,184,368,1,0,-2257,0,-2257,97.86,93.95,75.07,是,是,否,否,否,否,均線多頭,,,
6541,泰福-KY,低位啟動,外資連買,40.55,1.12,179,0,179,358,1,0,-779,0,-779,39.85,40.86,40.21,否,否,否,否,否,否,—,,,
6830,汎銓,強勢噴出,外資連買,456.0,9.75,189,0,189,378,1,0,56,0,56,495.9,546.45,690.97,否,否,否,否,否,是,爆量長紅,,,
8476,台境*,低位啟動,外資連買,24.75,0.0,158,0,158,316,1,0,413,0,413,24.35,20.67,18.3,是,是,否,否,否,否,均線多頭,,,
4949,有成精密,低位啟動,外資連買,76.1,1.87,155,0,155,310,1,0,63,-1,63,80.1,88.36,91.14,否,否,否,否,否,否,—,,,
1727,中華化,低位啟動,外資連買,91.4,1.78,266,0,266,532,1,0,-1160,0,-1160,90.16,91.26,81.13,否,否,否,否,否,否,—,,,
2368,金像電,趨勢持續,外資連買,1220.0,1.67,115,0,115,230,1,0,5078,-2719,5078,1201.0,1315.0,1298.0,否,否,是,否,否,否,KD黃金交叉,,,
1536,和大,低位啟動,外資連買,47.8,0.21,135,0,135,270,1,0,-1564,0,-1564,47.65,49.11,50.61,否,否,否,否,否,否,—,,,
6472,保瑞,趨勢持續,外資連買,423.5,0.36,134,0,134,268,1,0,-360,0,-360,422.9,405.48,398.72,是,是,否,否,否,否,均線多頭,,,
1231,聯華食,低位啟動,外資連買,88.2,1.26,129,0,129,258,1,0,-91,-1,-91,87.72,87.53,87.59,否,是,是,否,否,否,KD黃金交叉,,,
3094,聯傑,趨勢持續,外資連買,38.45,2.67,131,0,131,262,1,0,-2853,0,-2853,40.29,36.3,31.69,是,是,否,否,否,否,均線多頭,,,
9925,新保,低位啟動,外資連買,40.6,0.12,130,0,130,260,1,0,11,0,11,40.56,40.55,40.46,是,是,是,否,否,否,均線多頭、KD黃金交叉,,,
1734,杏輝,低位啟動,外資連買,32.8,0.46,120,0,120,240,1,0,377,0,377,32.5,31.79,31.44,是,是,是,否,否,否,均線多頭、KD黃金交叉,,,
1808,潤隆,低位啟動,外資連買,29.95,0.17,122,0,122,244,1,0,-631,0,-631,30.3,31.14,29.99,否,是,否,否,否,否,—,,,
2440,太空梭,低位啟動,外資連買,16.75,0.3,115,0,115,230,1,0,-132,0,-132,16.65,17.35,17.02,否,否,否,否,否,否,—,,,
3321,同泰,低位啟動,外資連買,23.85,1.49,117,0,117,234,1,0,-55,0,-55,24.38,22.75,18.67,是,是,否,否,否,否,均線多頭,,,
8438,昶昕,強勢噴出,外資連買,101.5,5.62,102,0,102,204,1,0,-149,0,-149,,,,,,,,,,—,,,
2906,高林,趨勢持續,外資連買,14.1,3.3,113,0,113,226,1,0,-429,0,-429,,,,,,,,,,—,,,
2017,官田鋼,低位啟動,外資連買,9.17,1.1,112,0,112,224,1,0,66,0,66,,,,,,,,,,—,,,
2211,長榮鋼,低位啟動,外資連買,94.3,0.43,90,-2,90,178,1,0,-124,-5,-124,,,,,,,,,,—,,,
4104,佳醫,低位啟動,外資連買,69.0,0.44,103,0,103,206,1,0,176,0,176,,,,,,,,,,—,,,
1449,佳和,低位啟動,外資連買,14.05,1.44,103,0,103,206,1,0,-160,0,-160,,,,,,,,,,—,,,
4555,氣立,趨勢持續,外資連買,48.8,2.31,97,0,97,194,1,0,-61,0,-61,,,,,,,,,,—,,,
5234,達興材料,趨勢持續,外資連買,398.0,1.92,98,0,98,196,1,0,-66,-11,-66,,,,,,,,,,—,,,
7760,享溫馨,趨勢持續,外資連買,34.6,4.85,95,0,95,190,1,0,20,0,20,,,,,,,,,,—,,,
2236,百達-KY,強勢噴出,外資連買,161.0,9.9,87,0,87,174,1,0,311,0,311,,,,,,,,,,—,,,
9940,信義,低位啟動,外資連買,19.35,1.04,80,0,80,160,1,0,65,0,65,,,,,,,,,,—,,,
1568,倉佑,低位啟動,外資連買,38.0,1.6,154,0,154,308,1,0,237,0,237,,,,,,,,,,—,,,
1442,名軒,低位啟動,外資連買,27.15,0.93,79,0,79,158,1,0,-319,0,-319,27.08,27.37,27.1,否,是,否,否,否,否,—,,,
5203,訊連,低位啟動,外資連買,68.2,1.34,76,0,76,152,1,0,-268,0,-268,67.66,68.85,66.0,否,是,是,否,否,否,KD黃金交叉,,,
1773,勝一,趨勢持續,外資連買,169.0,0.6,72,0,72,144,1,0,-199,1,-199,168.8,173.82,171.78,否,否,否,否,否,否,—,,,
1532,勤美,強勢噴出,外資連買,22.8,0.44,421,-347,421,495,1,0,317,-370,317,22.72,22.96,21.73,否,是,否,否,否,否,—,,,
2911,麗嬰房,低位啟動,外資連買,7.2,0.7,70,0,70,140,1,0,17,0,17,7.18,7.9,6.63,否,否,否,否,否,否,—,,,
1587,吉茂,低位啟動,外資連買,27.3,0.37,66,0,66,132,1,0,176,0,176,27.22,28.11,30.75,否,否,否,否,否,否,—,,,
2536,宏普,低位啟動,外資連買,20.85,0.97,62,0,62,124,1,0,84,0,84,21.07,21.18,21.07,否,是,否,否,否,否,—,,,
6805,富世達,趨勢持續,外資連買,1700.0,1.19,56,-3,56,109,1,0,-637,18,-637,1679.0,1795.5,1860.75,否,否,是,否,否,否,KD黃金交叉,,,
3296,勝德,趨勢持續,外資連買,29.55,2.25,62,0,62,124,1,0,-104,0,-104,28.88,25.96,22.48,是,是,否,否,否,否,均線多頭,,,
2316,楠梓電,趨勢持續,外資連買,218.0,0.46,55,0,55,110,1,0,1250,0,1250,221.9,190.12,149.17,是,是,否,否,否,否,均線多頭,,,
6405,悅城,趨勢持續,外資連買,59.2,3.68,54,0,54,108,1,0,-310,0,-310,61.42,67.89,57.59,否,否,否,否,否,否,—,,,
1473,台南,趨勢持續,外資連買,20.25,2.79,56,0,56,112,1,0,20,0,20,19.89,20.42,21.27,否,否,是,是,否,否,KD黃金交叉、MACD翻多,,,
1324,地球,低位啟動,外資連買,10.5,1.45,52,0,52,104,1,0,27,0,27,10.37,10.48,10.65,否,是,是,否,否,否,KD黃金交叉,,,
2505,國揚,低位啟動,外資連買,17.85,0.56,54,0,54,108,1,0,-16,0,-16,18.13,18.42,18.3,否,是,否,否,否,否,—,,,
4770,上品,趨勢持續,外資連買,214.5,0.0,46,0,46,92,1,0,-150,0,-150,212.5,218.68,229.03,否,否,否,是,否,否,MACD翻多,,,
4737,華廣,趨勢持續,外資連買,57.2,2.88,45,0,45,90,1,0,-50,0,-50,56.82,55.81,59.56,否,否,否,否,否,否,—,,,
2483,百容,趨勢持續,外資連買,55.9,2.19,39,0,39,78,1,0,2570,0,2570,55.02,40.57,29.18,是,是,否,否,否,否,均線多頭,,,
2546,根基,低位啟動,外資連買,94.6,0.64,37,0,37,74,1,0,-42,0,-42,93.42,92.6,87.63,是,是,是,否,否,否,均線多頭、KD黃金交叉,,,
2038,海光,低位啟動,外資連買,13.05,1.16,38,0,38,76,1,0,-10,0,-10,,,,,,,,,,—,,,
1531,高林股,低位啟動,外資連買,12.9,0.0,32,0,32,64,1,0,-143,0,-143,,,,,,,,,,—,,,
7750,新代,趨勢持續,外資連買,2050.0,1.99,38,-6,38,70,1,0,143,-7,143,,,,,,,,,,—,,,
2250,IKKA-KY,強勢噴出,外資連買,68.6,9.94,26,0,26,52,1,0,-54,0,-54,,,,,,,,,,—,,,
6902,GOGOLOOK,趨勢持續,外資連買,133.0,3.5,30,0,30,60,1,0,-58,0,-58,,,,,,,,,,—,,,
8478,東哥遊艇,趨勢持續,外資連買,153.5,1.32,28,0,28,56,1,0,-73,0,-73,,,,,,,,,,—,,,
6115,鎰勝,低位啟動,外資連買,48.4,0.31,29,0,29,58,1,0,-103,0,-103,,,,,,,,,,—,,,
5531,鄉林,低位啟動,外資連買,7.87,1.03,27,0,27,54,1,0,-123,0,-123,,,,,,,,,,—,,,
1786,科妍,低位啟動,外資連買,53.5,0.38,32,0,32,64,1,0,-168,0,-168,,,,,,,,,,—,,,
4952,凌通,趨勢持續,外資連買,55.3,4.14,36,0,36,72,1,0,-861,0,-861,,,,,,,,,,—,,,
2020,美亞,低位啟動,外資連買,21.4,0.47,26,0,26,52,1,0,110,0,110,,,,,,,,,,—,,,
6949,沛爾生醫-創,趨勢持續,外資連買,906.0,4.02,26,0,26,52,1,0,10,0,10,,,,,,,,,,—,,,
7631,聚賢研發-創,趨勢持續,外資連買,159.5,0.31,24,0,24,48,1,0,-81,0,-81,,,,,,,,,,—,,,
2107,厚生,低位啟動,外資連買,25.75,0.78,32,0,32,64,1,0,-36,0,-36,,,,,,,,,,—,,,
2114,鑫永銓,低位啟動,外資連買,89.0,0.34,27,0,27,54,1,0,91,0,91,88.78,89.8,89.39,否,否,是,否,否,否,KD黃金交叉,,,
1234,黑松,低位啟動,外資連買,33.2,0.76,31,0,31,62,1,0,-29,0,-29,34.05,34.76,34.92,否,否,否,否,否,否,—,,,
2524,京城,低位啟動,外資連買,35.7,0.85,26,0,26,52,1,0,-5,0,-5,35.68,36.43,36.45,否,是,否,否,否,否,—,,,
2748,雲品,低位啟動,外資連買,39.85,0.38,22,0,22,44,1,0,165,0,165,39.73,39.99,40.15,否,是,否,否,否,否,—,,,
1414,東和,強勢噴出,外資連買,19.4,5.43,23,0,23,46,1,0,230,0,230,18.2,17.33,16.49,是,是,否,否,是,否,均線多頭、布林突破,,,
1906,寶隆,低位啟動,外資連買,11.05,1.84,21,0,21,42,1,0,11,0,11,11.15,11.29,11.17,否,是,否,否,否,否,—,,,
9930,中聯資源,低位啟動,外資連買,65.9,0.61,20,0,20,40,1,0,-50,0,-50,66.38,68.61,69.25,否,否,否,否,否,否,—,,,
1325,恆大,低位啟動,外資連買,24.05,0.63,20,0,20,40,1,0,-39,0,-39,24.4,25.77,26.45,否,否,否,否,否,否,—,,,
9908,大台北,低位啟動,外資連買,29.8,0.17,19,0,19,38,1,0,75,0,75,29.67,29.55,29.5,是,是,是,否,否,否,均線多頭、KD黃金交叉,,,
2228,劍麟,低位啟動,外資連買,85.9,0.35,19,0,19,38,1,0,5,0,5,85.84,86.21,86.89,否,是,否,否,否,否,—,,,
6216,居易,低位啟動,外資連買,22.65,0.22,19,0,19,38,1,0,-285,0,-285,22.65,22.94,23.56,否,否,否,否,否,否,—,,,
1789,神隆,低位啟動,外資連買,20.8,0.73,18,0,18,36,1,0,133,0,133,20.5,20.32,20.24,是,是,是,否,否,否,均線多頭、KD黃金交叉,,,
1432,大魯閣,低位啟動,外資連買,15.2,0.33,17,0,17,34,1,0,-216,0,-216,15.31,16.68,16.72,否,否,否,否,否,否,—,,,
5533,皇鼎,低位啟動,外資連買,14.0,0.36,27,0,27,54,1,0,-66,0,-66,13.98,13.99,14.13,否,是,否,否,否,否,—,,,
6534,正瀚-創,低位啟動,外資連買,90.0,1.01,18,0,18,36,1,0,0,0,0,90.5,90.78,94.4,否,否,否,否,否,否,—,,,
6923,中台,低位啟動,外資連買,74.0,0.27,17,0,17,34,1,0,-57,0,-57,74.06,77.3,79.34,否,否,是,否,否,否,KD黃金交叉,,,
6934,心誠鎂,低位啟動,外資連買,65.0,0.0,16,0,16,32,1,0,-57,0,-57,65.88,69.04,76.38,否,否,否,否,否,否,—,,,
6024,群益期,低位啟動,外資連買,61.7,0.82,15,0,15,30,1,0,343,1,343,61.22,61.21,58.17,是,是,否,否,否,否,均線多頭,,,
2722,夏都,趨勢持續,外資連買,22.75,2.02,14,0,14,28,1,0,-6,0,-6,23.0,23.01,23.28,否,是,否,否,否,否,—,,,
2248,華勝-KY,低位啟動,外資連買,55.3,0.55,15,0,15,30,1,0,-4,0,-4,54.94,55.91,55.13,否,否,是,否,否,否,KD黃金交叉,,,
9944,新麗,低位啟動,外資連買,17.7,0.28,14,0,14,28,1,0,18,0,18,17.65,17.41,16.94,是,是,否,否,否,否,均線多頭,,,
4133,亞諾法,低位啟動,外資連買,20.55,0.49,14,0,14,28,1,0,-120,0,-120,20.5,20.74,21.39,否,否,否,否,否,否,—,,,
2545,皇翔,低位啟動,外資連買,38.35,0.26,7,0,7,14,1,0,-65,0,-65,38.18,38.22,37.58,否,是,否,否,否,否,—,,,
1733,五鼎,低位啟動,外資連買,29.4,0.34,13,0,13,26,1,0,-19,0,-19,29.35,29.47,29.31,否,否,否,否,否,否,—,,,
2723,美食-KY,低位啟動,外資連買,67.0,0.3,12,0,12,24,1,0,-121,0,-121,67.72,66.22,65.34,是,是,否,否,否,否,均線多頭,,,
2616,山隆,低位啟動,外資連買,13.4,0.37,10,0,10,20,1,0,-126,0,-126,13.41,13.63,14.12,否,否,否,否,否,否,—,,,
2013,中鋼構,低位啟動,外資連買,43.75,0.34,4,0,4,8,1,0,-93,0,-93,,,,,,,,,,—,,,
3040,遠見,低位啟動,外資連買,37.7,0.8,12,0,12,24,1,0,-3,0,-3,,,,,,,,,,—,,,
2945,三商家購,低位啟動,外資連買,41.9,0.36,2,0,2,4,1,0,2,0,2,,,,,,,,,,—,,,
7768,頌勝科技,趨勢持續,外資連買,342.0,0.15,12,0,12,24,1,0,-27,0,-27,,,,,,,,,,—,,,
7791,皇家可口,低位啟動,外資連買,61.8,0.16,16,0,16,32,1,0,-18,0,-18,,,,,,,,,,—,,,
1219,福壽,低位啟動,外資連買,12.45,0.4,25,0,25,50,1,0,246,0,246,,,,,,,,,,—,,,
1109,信大,低位啟動,外資連買,14.55,0.0,13,0,13,26,1,0,-19,0,-19,,,,,,,,,,—,,,
1419,新紡,低位啟動,外資連買,65.0,0.0,13,0,13,26,1,0,-34,-1,-34,,,,,,,,,,—,,,
1470,大統新創,低位啟動,外資連買,21.3,0.0,12,0,12,24,1,0,3,0,3,,,,,,,,,,—,,,
2707,晶華,趨勢持續,外資連買,178.0,0.28,13,0,13,26,1,0,138,1,138,,,,,,,,,,—,,,
1220,台榮,趨勢持續,外資連買,11.75,2.17,12,0,12,24,1,0,-62,0,-62,,,,,,,,,,—,,,
2101,南港,低位啟動,外資連買,31.2,0.65,16,0,16,32,1,0,159,0,159,,,,,,,,,,—,,,
2908,特力,低位啟動,外資連買,21.3,0.47,26,0,26,52,1,0,92,0,92,,,,,,,,,,—,,,
8341,日友,低位啟動,外資連買,75.8,0.13,13,0,13,26,1,0,-80,0,-80,,,,,,,,,,—,,,
1614,三洋電,低位啟動,外資連買,32.2,0.31,13,0,13,26,1,0,-3,0,-3,,,,,,,,,,—,,,
6921,嘉雨思-創,低位啟動,外資連買,68.5,0.0,9,0,9,18,1,0,-14,0,-14,,,,,,,,,,—,,,
3432,台端,低位啟動,外資連買,18.2,0.0,9,0,9,18,1,0,-18,0,-18,,,,,,,,,,—,,,
4569,六方科-KY,趨勢持續,外資連買,173.0,1.47,9,0,9,18,1,0,-36,0,-36,,,,,,,,,,—,,,
5538,東明-KY,低位啟動,外資連買,32.85,0.77,7,0,7,14,1,0,5,0,5,32.65,32.91,32.71,否,否,否,否,否,否,—,,,
1521,大億,低位啟動,外資連買,25.3,1.2,7,0,7,14,1,0,10,0,10,25.83,26.4,25.59,否,否,否,否,否,否,—,,,
3054,立萬利,趨勢持續,外資連買,60.6,3.77,6,0,6,12,1,0,-22,0,-22,62.66,68.73,69.16,否,否,否,否,否,否,—,,,
6914,阜爾運通,低位啟動,外資連買,143.5,0.35,7,0,7,14,1,0,18,0,18,143.0,142.3,144.92,否,是,是,否,否,否,KD黃金交叉,,,
4999,鑫禾,低位啟動,外資連買,20.0,0.5,6,0,6,12,1,0,-42,0,-42,20.09,20.71,20.89,否,否,否,否,否,否,—,,,
6666,羅麗芬-KY,低位啟動,外資連買,43.7,0.0,5,0,5,10,1,0,-7,0,-7,43.53,42.65,41.48,是,是,否,否,否,否,均線多頭,,,
9926,新海,低位啟動,外資連買,49.6,1.12,5,0,5,10,1,0,0,0,0,49.33,49.38,49.38,否,是,是,否,否,否,KD黃金交叉,,,
1730,花仙子,低位啟動,外資連買,53.6,0.19,5,0,5,10,1,0,49,0,49,53.64,53.14,52.84,是,是,否,否,否,否,均線多頭,,,
1340,勝悅-KY,低位啟動,外資連買,5.3,0.0,11,0,11,22,1,0,-10,0,-10,5.31,5.6,5.77,否,否,否,否,否,否,—,,,
2488,漢平,低位啟動,外資連買,54.4,0.18,5,0,5,10,1,0,-139,0,-139,54.36,53.85,52.4,是,是,否,否,否,否,均線多頭,,,
6426,統新,趨勢持續,外資連買,189.5,1.34,4,0,4,8,1,0,-183,0,-183,195.7,209.72,229.13,否,否,否,否,否,否,—,,,
9912,偉聯,低位啟動,外資連買,12.45,0.4,1,0,1,2,1,0,-3,0,-3,12.45,12.52,12.52,否,否,否,否,否,否,—,,,
2028,威致,低位啟動,外資連買,16.1,0.62,7,0,7,14,1,0,-149,0,-149,16.16,16.6,17.3,否,否,否,否,否,否,—,,,
3168,眾福科,低位啟動,外資連買,42.4,0.24,4,0,4,8,1,0,-67,0,-67,42.84,46.21,45.68,否,否,否,否,否,否,—,,,
4438,廣越,低位啟動,外資連買,59.3,0.17,5,0,5,10,1,0,40,0,40,59.2,60.75,58.85,否,否,是,否,否,否,KD黃金交叉,,,
4148,全宇生技-KY,低位啟動,外資連買,30.25,0.17,2,0,2,4,1,0,-11,0,-11,30.21,30.92,34.51,否,否,否,否,否,否,—,,,
6184,大豐電,低位啟動,外資連買,43.1,0.94,3,0,3,6,1,0,-90,0,-90,43.62,45.84,46.47,否,否,否,否,否,否,—,,,
1236,宏亞,低位啟動,外資連買,25.6,0.59,1,0,1,2,1,0,-7,0,-7,25.76,25.64,25.42,是,是,否,否,否,否,均線多頭,,,
2432,倚天酷碁-創,低位啟動,外資連買,28.35,0.89,3,0,3,6,1,0,-190,0,-190,28.19,28.41,27.72,否,是,否,否,否,否,—,,,
1541,錩泰,低位啟動,外資連買,21.2,1.19,1,0,1,2,1,0,-15,0,-15,21.55,21.57,22.67,否,否,否,否,否,否,—,,,
1235,興泰,趨勢持續,外資連買,37.5,3.02,2,0,2,4,1,0,-10,0,-10,36.64,37.69,40.83,否,否,是,是,否,否,KD黃金交叉、MACD翻多,,,
4581,光隆精密-KY,低位啟動,外資連買,50.1,0.3,2,0,2,4,1,0,-2,0,-2,,,,,,,,,,—,,,
4439,冠星-KY,低位啟動,外資連買,91.4,0.22,2,0,2,4,1,0,-10,0,-10,,,,,,,,,,—,,,
8940,新天地,低位啟動,外資連買,16.65,1.22,1,0,1,2,1,0,-9,0,-9,,,,,,,,,,—,,,
6715,嘉基,趨勢持續,外資連買,443.5,1.84,1,0,1,2,1,0,-217,0,-217,,,,,,,,,,—,,,
6771,平和環保-創,低位啟動,外資連買,38.85,1.97,1,0,1,2,1,0,-27,0,-27,,,,,,,,,,—,,,
8481,政伸,低位啟動,外資連買,41.7,0.24,3,0,3,6,1,0,-4,0,-4,,,,,,,,,,—,,,
6225,天瀚,強勢噴出,外資連買,22.15,8.85,1,0,1,2,1,0,3,0,3,,,,,,,,,,—,,,
7732,金興精密,低位啟動,外資連買,35.6,0.0,1,0,1,2,1,0,-1,0,-1,,,,,,,,,,—,,,
7736,虎山,低位啟動,外資連買,70.9,0.14,1,0,1,2,1,0,0,0,0,,,,,,,,,,—,,,
5906,台南-KY,低位啟動,外資連買,38.0,0.0,1,0,1,2,1,0,6,0,6,,,,,,,,,,—,,,
2904,匯僑,低位啟動,外資連買,14.3,0.35,1,0,1,2,1,0,-26,0,-26,,,,,,,,,,—,,,
2024,志聯,低位啟動,外資連買,13.9,0.72,1,0,1,2,1,0,-5,0,-5,,,,,,,,,,—,,,
9924,福興,低位啟動,外資連買,39.9,1.01,77,-76,77,78,1,0,-80,-124,-80,,,,,,,,,,—,,,
1817,凱撒衛,低位啟動,外資連買,38.5,0.0,2,0,2,4,1,0,2,0,2,,,,,,,,,,—,,,
2514,龍邦,趨勢持續,外資連買,13.2,2.33,7,0,7,14,1,0,-41,0,-41,,,,,,,,,,—,,,
3653,健策,趨勢持續,外資連買,3400.0,0.89,187,-204,187,170,1,0,1499,-324,1499,,,,,,,,,,—,,,
2495,普安,低位啟動,外資連買,49.8,1.01,13,0,13,26,1,0,-2100,12,-2100,,,,,,,,,,—,,,
2072,世紀風電,趨勢持續,外資連買,148.0,3.5,15,-98,15,-68,1,0,-541,-175,-541,158.4,175.32,176.22,否,否,否,否,否,否,—,,,
2727,王品,趨勢持續,外資連買,247.5,0.2,58,-134,58,-18,1,0,152,-136,152,247.8,245.35,235.35,是,是,否,否,否,否,均線多頭,,,
7765,中華資安,趨勢持續,外資連買,218.5,1.39,5,-63,5,-53,1,0,-33,-105,-33,220.2,239.05,237.71,否,否,否,否,否,否,—,,,
2383,台光電,趨勢持續,外資連買,5535.0,2.69,60,-167,60,-47,1,0,471,-438,471,5454.0,5227.5,4698.08,是,是,否,否,否,否,均線多頭,,,
6442,光聖,趨勢持續,外資連買,1575.0,4.3,26,-285,26,-233,1,0,-359,-853,-359,1672.0,1891.75,1969.67,否,否,否,否,否,否,—,,,
6415,矽力*-KY,趨勢持續,外資連買,588.0,1.73,62,-412,62,-288,1,0,742,-211,742,594.2,574.08,486.83,是,否,否,否,否,否,均線多頭,,,
2637,慧洋-KY,低位啟動,外資連買,71.4,1.71,147,-800,147,-506,1,0,-1215,-329,-1215,72.88,76.72,74.45,否,否,否,否,否,否,—,,,
9904,寶成,強勢噴出,外資連買,25.0,1.42,7501,-35825,7501,-20823,1,0,-39611,-57700,-39611,,,,,,,,,,—,,,
2890,永豐金,強勢噴出,投信連買,40.0,0.25,-53580,63471,-53580,-43689,0,6,-86807,142897,-86807,39.7,36.48,32.92,是,是,否,否,否,否,均線多頭,,,
2892,第一金,強勢噴出,投信連買,33.2,1.37,-90747,98425,-90747,-83069,0,6,-135473,183782,-135473,32.89,31.46,29.5,是,是,否,否,否,否,均線多頭,,,
2886,兆豐金,強勢噴出,投信連買,46.15,0.11,-56861,64186,-56861,-49536,0,6,-128868,148409,-128868,46.25,44.27,41.26,是,是,否,否,否,否,均線多頭,,,
2377,微星,強勢噴出,投信連買,145.5,0.34,-7740,10981,-7740,-4499,0,6,-6879,29463,-6879,139.1,137.65,116.26,是,是,否,否,否,否,均線多頭,,,
3014,聯陽,強勢噴出,投信連買,163.5,2.83,-660,1872,-660,552,0,6,-109,2102,-109,,,,,,,,,,—,,,
5876,上海商銀,強勢噴出,投信連買,42.4,0.71,-2445,3298,-2445,-1592,0,6,-24714,30740,-24714,,,,,,,,,,—,,,
2504,國產,強勢噴出,投信連買,33.3,0.15,-1095,1975,-1095,-215,0,6,-7188,12967,-7188,,,,,,,,,,—,,,
1216,統一,強勢噴出,投信連買,74.5,0.0,-336,928,-336,256,0,6,-10433,15336,-10433,74.98,74.8,73.03,是,是,否,否,否,否,均線多頭,,,
4915,致伸,強勢噴出,投信連買,66.4,0.61,-1467,1859,-1467,-1075,0,6,-7671,5408,-7671,68.9,74.34,73.5,否,否,否,否,否,否,—,,,
3596,智易,強勢噴出,投信連買,193.5,0.78,-589,823,-589,-355,0,6,-927,2854,-927,190.0,187.75,180.19,是,否,否,是,否,否,均線多頭、MACD翻多,,,
2379,瑞昱,強勢噴出,投信連買,829.0,2.85,-2542,2920,-2542,-2164,0,6,-6337,5502,-6337,794.4,724.6,611.47,是,是,否,否,否,否,均線多頭,,,
8464,億豐,強勢噴出,投信連買,357.0,3.18,-134,270,-134,2,0,6,-1517,1669,-1517,351.1,343.18,341.48,是,是,否,否,否,否,均線多頭,,,
5269,祥碩,強勢噴出,投信連買,1470.0,0.0,-231,300,-231,-162,0,6,-110,1058,-110,,,,,,,,,,—,,,
1513,中興電,趨勢持續,投信連買,177.0,0.0,-4,87,-4,79,0,6,-5858,6845,-5858,178.0,175.07,161.53,是,是,否,否,否,否,均線多頭,,,
3592,瑞鼎,強勢噴出,投信連買,281.5,1.08,-180,204,-180,-156,0,6,-1860,369,-1860,,,,,,,,,,—,,,
2472,立隆電,強勢噴出,投信連買,425.0,7.19,-96,16,-96,-176,0,6,-20,4558,-20,412.8,376.18,272.78,是,是,否,否,否,否,均線多頭,,,
3028,增你強,趨勢持續,投信連買,80.8,2.93,-604,79,-604,-1129,0,6,2451,243,2451,80.8,78.39,73.88,是,否,否,否,否,否,均線多頭,,,
2903,遠百,強勢噴出,投信連買,21.8,0.0,-1621,693,-1621,-2549,0,6,-12004,7735,-12004,22.96,23.32,22.71,否,是,否,否,否,否,—,,,
2376,技嘉,強勢噴出,投信連買,337.5,1.96,-2713,1219,-2713,-4207,0,6,-4390,5360,-4390,332.0,346.52,316.03,否,否,否,否,否,否,—,,,
2845,遠東銀,強勢噴出,投信連買,13.0,0.0,-4069,2322,-4069,-5816,0,6,-29821,36189,-29821,,,,,,,,,,—,,,
2633,台灣高鐵,強勢噴出,投信連買,26.5,0.0,-5986,3996,-5986,-7976,0,6,-39766,39355,-39766,,,,,,,,,,—,,,
8926,台汽電,強勢噴出,投信連買,74.3,2.77,-2600,493,-2600,-4707,0,6,-16678,7041,-16678,,,,,,,,,,—,,,
4904,遠傳,強勢噴出,投信連買,103.5,1.47,-7532,4007,-7532,-11057,0,6,-43646,37936,-43646,,,,,,,,,,—,,,
3231,緯創,強勢噴出,投信連買,159.5,0.63,-12862,10367,-12862,-15357,0,6,-56914,31924,-56914,,,,,,,,,,—,,,
2542,興富發,強勢噴出,投信連買,42.35,1.68,-6772,2755,-6772,-10789,0,6,-10165,10212,-10165,,,,,,,,,,—,,,
2412,中華電,強勢噴出,投信連買,141.5,0.0,-7328,2910,-7328,-11746,0,6,-35827,14249,-35827,,,,,,,,,,—,,,
3045,台灣大,強勢噴出,投信連買,118.0,1.29,-8946,3877,-8946,-14015,0,6,-21972,18081,-21972,,,,,,,,,,—,,,
6691,洋基工程,強勢噴出,投信連買,750.0,1.49,-605,473,-605,-737,0,5,-1341,1686,-1341,779.2,705.9,662.23,是,是,否,否,否,否,均線多頭,,,
6139,亞翔,強勢噴出,投信連買,912.0,1.22,-1496,492,-1496,-2500,0,5,2220,2457,2220,908.6,822.8,743.35,是,是,否,否,否,否,均線多頭,,,
6213,聯茂,強勢噴出,投信連買,360.0,3.0,-1406,551,-1406,-2261,0,5,2664,3181,2664,352.1,288.38,269.87,是,是,否,否,否,否,均線多頭,,,
3006,晶豪科,強勢噴出,投信連買,213.0,6.5,-1359,10,-1359,-2708,0,5,-5487,65,-5487,225.9,227.82,207.27,否,否,否,否,否,否,—,,,
2352,佳世達,強勢噴出,投信連買,32.35,5.72,-2535,8368,-2535,3298,0,4,-7811,21620,-7811,31.45,31.27,27.62,是,是,否,否,否,是,均線多頭、爆量長紅,,,
2347,聯強,強勢噴出,投信連買,93.6,2.74,-3007,4079,-3007,-1935,0,4,-9172,9088,-9172,,,,,,,,,,—,,,
3023,信邦,強勢噴出,投信連買,333.0,1.37,-929,1114,-929,-744,0,4,-3293,4356,-3293,323.7,319.68,301.29,是,是,是,是,否,否,均線多頭、KD黃金交叉、MACD翻多,,,
1560,中砂,趨勢持續,投信連買,763.0,0.13,-4,185,-4,177,0,4,181,529,181,739.2,698.8,629.13,是,是,否,否,否,否,均線多頭,,,
8070,長華*,強勢噴出,投信連買,53.4,0.38,-1054,1074,-1054,-1034,0,4,-2706,2585,-2706,54.04,57.32,50.81,否,否,否,否,否,否,—,,,
5434,崇越,強勢噴出,投信連買,533.0,3.09,-1034,752,-1034,-1316,0,4,-1243,2399,-1243,523.2,482.62,440.67,是,是,否,否,否,否,均線多頭,,,
5469,瀚宇博,強勢噴出,投信連買,86.6,3.22,-2666,2145,-2666,-3187,0,4,-3783,7713,-3783,87.74,85.64,85.91,否,是,否,否,否,否,—,,,
6191,精成科,強勢噴出,投信連買,103.5,2.99,-3395,2849,-3395,-3941,0,4,2108,10655,2108,103.16,99.54,99.33,是,是,否,否,否,否,均線多頭,,,
4919,新唐,趨勢持續,投信連買,168.5,3.06,-779,17,-779,-1541,0,4,-2814,-1944,-2814,171.7,181.6,163.74,否,否,否,否,否,否,—,,,
2458,義隆,強勢噴出,投信連買,181.5,4.31,-2134,1341,-2134,-2927,0,4,-42,3536,-42,180.5,164.28,151.32,是,是,否,否,否,否,均線多頭,,,
2474,可成,強勢噴出,投信連買,203.0,3.05,-3885,822,-3885,-6948,0,4,-9163,3788,-9163,,,,,,,,,,—,,,
2356,英業達,強勢噴出,投信連買,66.9,0.45,-10629,6371,-10629,-14887,0,4,-12804,19170,-12804,,,,,,,,,,—,,,
8112,至上,強勢噴出,投信連買,89.7,3.1,-9830,2507,-9830,-17153,0,4,-28051,11460,-28051,,,,,,,,,,—,,,
2027,大成鋼,強勢噴出,投信連買,41.5,2.85,-25231,28016,-25231,-22446,0,3,-32755,32840,-32755,40.47,41.86,40.09,否,否,否,否,否,否,—,,,
2887,台新新光金,強勢噴出,投信連買,33.35,0.3,-23794,26847,-23794,-20741,0,3,9548,44128,9548,32.67,30.94,26.28,是,是,否,否,否,否,均線多頭,,,
2387,精元,趨勢持續,投信連買,41.35,2.86,-175,3,-175,-347,0,3,-7,287,-7,39.68,40.27,40.28,否,否,否,是,否,否,MACD翻多,,,
6214,精誠,強勢噴出,投信連買,131.0,2.34,-415,264,-415,-566,0,3,100,278,100,130.3,139.12,129.35,否,否,否,否,否,否,—,,,
6412,群電,低位啟動,投信連買,94.7,0.64,-187,33,-187,-341,0,3,-340,-30,-340,92.74,93.7,89.66,否,否,否,否,否,否,—,,,
3702,大聯大,強勢噴出,投信連買,110.0,2.8,-29252,29953,-29252,-28551,0,3,-38709,39774,-38709,107.0,109.38,107.39,否,否,是,否,否,否,KD黃金交叉,,,
6278,台表科,強勢噴出,投信連買,207.0,2.99,-2631,943,-2631,-4319,0,3,-1641,1043,-1641,,,,,,,,,,—,,,
2618,長榮航,強勢噴出,投信連買,43.9,2.33,-23658,15307,-23658,-32009,0,3,-19299,45433,-19299,,,,,,,,,,—,,,
2855,統一證,強勢噴出,投信連買,50.3,0.6,-371,693,-371,-49,0,2,155,717,155,,,,,,,,,,—,,,
6669,緯穎,強勢噴出,投信連買,5035.0,8.63,-174,434,-174,86,0,2,-781,728,-781,,,,,,,,,,—,,,
2597,潤弘,趨勢持續,投信連買,171.0,4.59,-81,191,-81,29,0,2,-565,244,-565,,,,,,,,,,—,,,
2801,彰銀,強勢噴出,投信連買,23.85,0.63,-82765,82885,-82765,-82645,0,2,-91152,123175,-91152,,,,,,,,,,—,,,
3406,玉晶光,趨勢持續,投信連買,641.0,2.89,-146,15,-146,-277,0,2,941,-655,941,683.2,698.15,586.68,否,是,否,否,否,否,—,,,
8210,勤誠,趨勢持續,投信連買,1295.0,0.78,-193,10,-193,-376,0,2,-713,-287,-713,1262.0,1364.75,1266.85,否,否,否,否,否,否,—,,,
2351,順德,強勢噴出,投信連買,205.5,3.53,-505,251,-505,-759,0,2,-1275,948,-1275,204.2,195.93,174.7,是,否,否,否,否,否,均線多頭,,,
2912,統一超,強勢噴出,投信連買,223.5,0.22,-839,251,-839,-1427,0,2,-2200,1570,-2200,223.9,227.53,226.57,否,是,否,否,否,否,—,,,
8422,可寧衛*,強勢噴出,投信連買,27.0,3.45,-3144,2150,-3144,-4138,0,2,-9424,6992,-9424,27.81,28.43,28.14,否,是,否,否,否,是,爆量長紅,,,
2634,漢翔,強勢噴出,投信連買,56.2,0.72,-5768,317,-5768,-11219,0,2,9176,312,9176,,,,,,,,,,—,,,
2609,陽明,趨勢持續,投信連買,50.7,2.63,-8961,31,-8961,-17891,0,2,-8918,-4,-8918,,,,,,,,,,—,,,
2610,華航,強勢噴出,投信連買,22.55,5.37,-41399,17711,-41399,-65087,0,2,1703,41622,1703,,,,,,,,,,—,,,
9907,統一實,強勢噴出,投信連買,15.45,1.98,-1212,4349,-1212,1925,0,1,10639,-9959,10639,15.23,16.1,16.79,否,否,否,否,否,否,—,,,
2547,日勝生,強勢噴出,投信連買,11.25,2.27,-433,3461,-433,2595,0,1,1381,3457,1381,11.02,10.92,10.53,是,是,是,否,否,否,均線多頭、KD黃金交叉,,,
9938,百和,強勢噴出,投信連買,45.4,2.37,-226,1726,-226,1274,0,1,-1049,1722,-1049,44.38,44.78,44.54,否,是,否,是,否,否,MACD翻多,,,
1477,聚陽,強勢噴出,投信連買,224.0,2.28,-412,1277,-412,453,0,1,907,-564,907,,,,,,,,,,—,,,
2530,華建,強勢噴出,投信連買,20.2,4.66,-239,949,-239,471,0,1,-511,918,-511,19.17,19.48,20.64,否,是,是,否,否,是,KD黃金交叉、爆量長紅,,,
6177,達麗,強勢噴出,投信連買,46.05,2.11,-1211,1905,-1211,-517,0,1,-1672,1905,-1672,45.62,46.19,45.58,否,是,否,否,否,否,—,,,
2393,億光,強勢噴出,投信連買,69.6,2.35,-965,1584,-965,-346,0,1,-359,-348,-359,68.2,68.72,68.86,否,是,否,否,否,否,—,,,
2528,皇普,強勢噴出,投信連買,22.4,6.67,-152,771,-152,467,0,1,195,770,195,21.37,21.82,22.34,否,是,是,是,否,是,KD黃金交叉、MACD翻多、爆量長紅,,,
2897,王道銀行,強勢噴出,投信連買,10.4,0.48,-704,1211,-704,-197,0,1,-2918,1211,-2918,10.49,10.46,10.22,是,是,否,否,否,否,均線多頭,,,
1712,興農,強勢噴出,投信連買,39.7,1.28,-319,787,-319,149,0,1,-795,786,-795,39.23,39.35,40.78,否,是,是,否,否,否,KD黃金交叉,,,
1608,華榮,強勢噴出,投信連買,33.75,0.3,-95,367,-95,177,0,1,-3659,346,-3659,,,,,,,,,,—,,,
2832,台產,強勢噴出,投信連買,57.2,3.62,-173,434,-173,88,0,1,-288,434,-288,,,,,,,,,,—,,,
7769,鴻勁,強勢噴出,投信連買,6960.0,7.57,-58,256,-58,140,0,1,-185,163,-185,6649.0,6993.25,6240.83,否,否,是,否,否,是,KD黃金交叉、爆量長紅,,,
4763,材料*-KY,強勢噴出,投信連買,47.9,1.05,-86,242,-86,70,0,1,-1220,202,-1220,46.23,44.96,43.5,是,是,否,否,是,否,均線多頭、布林突破,,,
8442,威宏-KY,強勢噴出,投信連買,42.2,3.69,-23,163,-23,117,0,1,-36,163,-36,41.1,40.63,45.03,否,是,是,否,是,是,KD黃金交叉、布林突破、爆量長紅,,,
2247,汎德永業,強勢噴出,投信連買,244.0,4.72,-20,134,-20,94,0,1,-21,134,-21,235.3,233.9,223.72,是,是,是,否,是,是,均線多頭、KD黃金交叉、布林突破、爆量長紅,,,
3679,新至陞,趨勢持續,投信連買,112.5,4.65,-22,130,-22,86,0,1,-78,130,-78,,,,,,,,,,—,,,
2477,美隆電,強勢噴出,投信連買,22.45,5.4,-165,267,-165,-63,0,1,-67,267,-67,,,,,,,,,,—,,,
2731,雄獅,強勢噴出,投信連買,149.5,0.0,-135,241,-135,-29,0,1,-739,111,-739,,,,,,,,,,—,,,
1907,永豐餘,低位啟動,投信連買,27.15,0.18,-742,10,-742,-1474,0,1,-249,-17,-249,27.16,26.63,25.32,是,是,否,否,否,否,均線多頭,,,
5522,遠雄,強勢噴出,投信連買,64.6,0.0,-562,597,-562,-527,0,1,-240,-1070,-240,64.6,73.16,71.55,否,否,否,否,否,否,—,,,
3532,台勝科,強勢噴出,投信連買,400.0,9.89,-142,105,-142,-179,0,1,-135,104,-135,360.6,339.65,260.71,是,是,是,否,否,是,均線多頭、KD黃金交叉、爆量長紅,,,
8103,瀚荃,低位啟動,投信連買,99.4,0.61,-16,2,-16,-30,0,1,-911,2,-911,,,,,,,,,,—,,,
2033,佳大,低位啟動,投信連買,16.0,0.95,-10,1,-10,-19,0,1,-83,1,-83,,,,,,,,,,—,,,
2753,八方雲集,強勢噴出,投信連買,188.5,0.53,-276,262,-276,-290,0,1,-296,262,-296,,,,,,,,,,—,,,
2115,六暉-KY,低位啟動,投信連買,20.65,0.24,-12,5,-12,-19,0,1,-24,5,-24,,,,,,,,,,—,,,
9942,茂順,低位啟動,投信連買,117.5,0.0,-16,2,-16,-30,0,1,-165,2,-165,,,,,,,,,,—,,,
2207,和泰車,趨勢持續,投信連買,465.0,0.11,-113,82,-113,-144,0,1,-160,38,-160,474.0,477.4,481.74,否,是,否,否,否,否,—,,,
3437,榮創,趨勢持續,投信連買,21.3,3.4,-34,8,-34,-60,0,1,60,8,60,21.56,22.04,23.9,否,否,否,否,否,否,—,,,
8114,振樺電,趨勢持續,投信連買,182.5,0.55,-65,2,-65,-128,0,1,516,-3,516,184.5,206.88,205.79,否,否,否,否,否,否,—,,,
3047,訊舟,低位啟動,投信連買,15.35,1.99,-103,2,-103,-204,0,1,-635,2,-635,15.29,15.84,15.36,否,否,否,否,否,否,—,,,
2617,台航,低位啟動,投信連買,29.65,0.17,-92,3,-92,-181,0,1,-824,3,-824,29.58,29.76,29.65,否,是,否,否,否,否,—,,,
2029,盛餘,低位啟動,投信連買,20.7,0.0,-94,4,-94,-184,0,1,-286,4,-286,20.66,20.77,20.52,否,是,否,否,否,否,—,,,
4137,麗豐-KY,強勢噴出,投信連買,110.5,0.91,-382,280,-382,-484,0,1,-644,280,-644,109.7,110.0,107.4,否,是,否,否,否,否,—,,,
2031,新光鋼,低位啟動,投信連買,37.7,0.4,-253,26,-253,-480,0,1,-1198,21,-1198,38.27,40.05,39.81,否,否,否,否,否,否,—,,,
8028,昇陽半導體,趨勢持續,投信連買,312.0,1.63,-556,175,-556,-937,0,1,2852,433,2852,301.0,313.62,268.73,否,否,否,否,否,否,—,,,
2851,中再保,低位啟動,投信連買,36.0,0.42,-377,80,-377,-674,0,1,374,83,374,36.48,37.5,34.0,否,是,否,否,否,否,—,,,
9914,美利達,低位啟動,投信連買,77.7,0.78,-512,161,-512,-863,0,1,1496,160,1496,76.08,72.5,65.67,是,是,否,否,否,否,均線多頭,,,
2615,萬海,低位啟動,投信連買,78.3,1.16,-472,113,-472,-831,0,1,-2837,-227,-2837,78.14,81.47,79.02,否,否,否,否,否,否,—,,,
8081,致新,強勢噴出,投信連買,309.0,1.31,-985,365,-985,-1605,0,1,-1680,506,-1680,312.1,295.7,270.39,是,是,否,否,否,否,均線多頭,,,
2354,鴻準,低位啟動,投信連買,55.0,0.55,-549,2,-549,-1096,0,1,-8687,0,-8687,55.48,57.64,56.73,否,否,否,否,否,否,—,,,
1229,聯華,強勢噴出,投信連買,42.95,0.0,-900,294,-900,-1506,0,1,-221,286,-221,42.87,42.15,41.83,是,是,否,否,否,否,均線多頭,,,
8271,宇瞻,趨勢持續,投信連買,180.0,0.0,-529,45,-529,-1013,0,1,-1434,43,-1434,194.1,208.72,213.44,否,否,否,否,否,否,—,,,
4967,十銓,強勢噴出,投信連買,250.5,5.47,-980,50,-980,-1910,0,1,-2347,50,-2347,263.8,276.05,267.21,否,否,否,否,否,否,—,,,
1717,長興,趨勢持續,投信連買,71.9,3.01,-950,1,-950,-1899,0,1,-505,467,-505,72.84,72.54,76.64,否,否,否,否,否,否,—,,,
2501,國建,強勢噴出,投信連買,24.0,3.0,-1666,512,-1666,-2820,0,1,-3869,512,-3869,24.32,24.96,23.85,否,是,否,否,否,否,—,,,
2451,創見,強勢噴出,投信連買,250.5,6.82,-2326,225,-2326,-4427,0,1,-4834,410,-4834,,,,,,,,,,—,,,
2812,台中銀,低位啟動,投信連買,19.9,0.76,-2853,4,-2853,-5702,0,1,10759,-98,10759,,,,,,,,,,—,,,
1402,遠東新,強勢噴出,投信連買,28.3,0.71,-6596,3122,-6596,-10070,0,1,-40462,48206,-40462,,,,,,,,,,—,,,
4958,臻鼎-KY,強勢噴出,投信連買,603.0,4.69,-5443,560,-5443,-10326,0,1,-16181,622,-16181,,,,,,,,,,—,,,
6770,力積電,強勢噴出,投信連買,74.3,7.84,-16751,6,-16751,-33496,0,1,-161775,1552,-161775,,,,,,,,,,—,,,
6116,彩晶,強勢噴出,投信連買,18.35,7.31,-20531,81,-20531,-40981,0,1,-23269,126,-23269,,,,,,,,,,—,,,
